Workbook

Sheet Median & Ranges
A1: Species | B1: Metric | C1: Long_petiole_hair | D1: Short_petiole_hair | E1: Upper_lamina_hair | F1: Tooth_length | G1: Tooth_Width | H1: Flower_length | I1: Hypanthium_long | J1: Hypanthium_short | K1: Flower_width | L1: Stamen_length | M1: Style_length | N1: Pedicel_lengths | O1: Cymule_branches | P1: Thyrse_length | Q1: Petiole_length | R1: Leaf_width | S1: Leaf_length | T1: Capsule_width | U1: Capsule_length | V1: Cymule_flower_counts | W1: Whole_Cymule_lengths | X1: free_sepal_length | Y1: hypanthia_width_at_sepal_sinus
A2: AMERICANA | B2: Q1 | C2: {=_xlfn.QUARTILE.INC(_xlfn._xlws.FILTER(Americana!E$2:E1000, Americana!E$2:E1000<>""), 1)} -> 0 | D2: {=_xlfn.QUARTILE.INC(_xlfn._xlws.FILTER(Americana!F$2:F1000, Americana!F$2:F1000<>""), 1)} -> 0 | E2: {=_xlfn.QUARTILE.INC(_xlfn._xlws.FILTER(Americana!G$2:G1000, Americana!G$2:G1000<>""), 1)} -> 0 | F2: {=_xlfn.QUARTILE.INC(_xlfn._xlws.FILTER(Americana!H$2:H1000, Americana!H$2:H1000<>""), 1)} -> 4.167 | G2: {=_xlfn.QUARTILE.INC(_xlfn._xlws.FILTER(Americana!I$2:I1000, Americana!I$2:I1000<>""), 1)} -> 1.468 | H2: {=_xlfn.QUARTILE.INC(_xlfn._xlws.FILTER(Americana!J$2:J1000, Americana!J$2:J1000<>""), 1)} -> 3.19925 | I2: {=_xlfn.QUARTILE.INC(_xlfn._xlws.FILTER(Americana!K$2:K1000, Americana!K$2:K1000<>""), 1)} -> 1.35775 | J2: {=_xlfn.QUARTILE.INC(_xlfn._xlws.FILTER(Americana!L$2:L1000, Americana!L$2:L1000<>""), 1)} -> 1.1 | ... P2: {=_xlfn.QUARTILE.INC(_xlfn._xlws.FILTER(Americana!R$2:R1000, Americana!R$2:R1000<>""), 1)} -> 575.4465
A3: AMERICANA | B3: Q2 (median) | C3: {=_xlfn.QUARTILE.INC(_xlfn._xlws.FILTER(Americana!E$2:E1000, Americana!E$2:E1000<>""), 2)} -> 0 | D3: {=_xlfn.QUARTILE.INC(_xlfn._xlws.FILTER(Americana!F$2:F1000, Americana!F$2:F1000<>""), 2)} -> 0 | E3: {=_xlfn.QUARTILE.INC(_xlfn._xlws.FILTER(Americana!G$2:G1000, Americana!G$2:G1000<>""), 2)} -> 0 | F3: {=_xlfn.QUARTILE.INC(_xlfn._xlws.FILTER(Americana!H$2:H1000, Americana!H$2:H1000<>""), 2)} -> 5.341 | G3: {=_xlfn.QUARTILE.INC(_xlfn._xlws.FILTER(Americana!I$2:I1000, Americana!I$2:I1000<>""), 2)} -> 2.005 | H3: {=_xlfn.QUARTILE.INC(_xlfn._xlws.FILTER(Americana!J$2:J1000, Americana!J$2:J1000<>""), 2)} -> 3.552 | I3: {=_xlfn.QUARTILE.INC(_xlfn._xlws.FILTER(Americana!K$2:K1000, Americana!K$2:K1000<>""), 2)} -> 1.4935 | J3: {=_xlfn.QUARTILE.INC(_xlfn._xlws.FILTER(Americana!L$2:L1000, Americana!L$2:L1000<>""), 2)} -> 1.2395 | ... P3: {=_xlfn.QUARTILE.INC(_xlfn._xlws.FILTER(Americana!R$2:R1000, Americana!R$2:R1000<>""), 2)} -> 687.7755
A4: AMERICANA | B4: Q3 | C4: {=_xlfn.QUARTILE.INC(_xlfn._xlws.FILTER(Americana!E$2:E1000, Americana!E$2:E1000<>""), 3)} -> 0 | D4: {=_xlfn.QUARTILE.INC(_xlfn._xlws.FILTER(Americana!F$2:F1000, Americana!F$2:F1000<>""), 3)} -> 0 | E4: {=_xlfn.QUARTILE.INC(_xlfn._xlws.FILTER(Americana!G$2:G1000, Americana!G$2:G1000<>""), 3)} -> 0 | F4: {=_xlfn.QUARTILE.INC(_xlfn._xlws.FILTER(Americana!H$2:H1000, Americana!H$2:H1000<>""), 3)} -> 6.07075 | G4: {=_xlfn.QUARTILE.INC(_xlfn._xlws.FILTER(Americana!I$2:I1000, Americana!I$2:I1000<>""), 3)} -> 2.42175 | H4: {=_xlfn.QUARTILE.INC(_xlfn._xlws.FILTER(Americana!J$2:J1000, Americana!J$2:J1000<>""), 3)} -> 4.0565 | I4: {=_xlfn.QUARTILE.INC(_xlfn._xlws.FILTER(Americana!K$2:K1000, Americana!K$2:K1000<>""), 3)} -> 1.70225 | J4: {=_xlfn.QUARTILE.INC(_xlfn._xlws.FILTER(Americana!L$2:L1000, Americana!L$2:L1000<>""), 3)} -> 1.43475 | ... P4: {=_xlfn.QUARTILE.INC(_xlfn._xlws.FILTER(Americana!R$2:R1000, Americana!R$2:R1000<>""), 3)} -> 768.61675
A5: AMERICANA | B5: IQR | C5: {=_xlfn.QUARTILE.INC(_xlfn._xlws.FILTER(Americana!E$2:E1000, Americana!E$2:E1000<>""), 3) - _xlfn.QUARTILE.INC(_xlfn._xlws.FILTER(Americana!E$2:E1000, Americana!E$2:E1000<>""), 1)} -> 0 | D5: {=_xlfn.QUARTILE.INC(_xlfn._xlws.FILTER(Americana!F$2:F1000, Americana!F$2:F1000<>""), 3) - _xlfn.QUARTILE.INC(_xlfn._xlws.FILTER(Americana!F$2:F1000, Americana!F$2:F1000<>""), 1)} -> 0 | E5: {=_xlfn.QUARTILE.INC(_xlfn._xlws.FILTER(Americana!G$2:G1000, Americana!G$2:G1000<>""), 3) - _xlfn.QUARTILE.INC(_xlfn._xlws.FILTER(Americana!G$2:G1000, Americana!G$2:G1000<>""), 1)} -> 0 | F5: {=_xlfn.QUARTILE.INC(_xlfn._xlws.FILTER(Americana!H$2:H1000, Americana!H$2:H1000<>""), 3) - _xlfn.QUARTILE.INC(_xlfn._xlws.FILTER(Americana!H$2:H1000, Americana!H$2:H1000<>""), 1)} -> 1.90375 | G5: {=_xlfn.QUARTILE.INC(_xlfn._xlws.FILTER(Americana!I$2:I1000, Americana!I$2:I1000<>""), 3) - _xlfn.QUARTILE.INC(_xlfn._xlws.FILTER(Americana!I$2:I1000, Americana!I$2:I1000<>""), 1)} -> 0.95375 | H5: {=_xlfn.QUARTILE.INC(_xlfn._xlws.FILTER(Americana!J$2:J1000, Americana!J$2:J1000<>""), 3) - _xlfn.QUARTILE.INC(_xlfn._xlws.FILTER(Americana!J$2:J1000, Americana!J$2:J1000<>""), 1)} -> 0.85725 | I5: {=_xlfn.QUARTILE.INC(_xlfn._xlws.FILTER(Americana!K$2:K1000, Americana!K$2:K1000<>""), 3) - _xlfn.QUARTILE.INC(_xlfn._xlws.FILTER(Americana!K$2:K1000, Americana!K$2:K1000<>""), 1)} -> 0.3445 | J5: {=_xlfn.QUARTILE.INC(_xlfn._xlws.FILTER(Americana!L$2:L1000, Americana!L$2:L1000<>""), 3) - _xlfn.QUARTILE.INC(_xlfn._xlws.FILTER(Americana!L$2:L1000, Americana!L$2:L1000<>""), 1)} -> 0.33475 | ... P5: {=_xlfn.QUARTILE.INC(_xlfn._xlws.FILTER(Americana!R$2:R1000, Americana!R$2:R1000<>""), 3) - _xlfn.QUARTILE.INC(_xlfn._xlws.FILTER(Americana!R$2:R1000, Americana!R$2:R1000<>""), 1)} -> 193.17025
A6: AMERICANA | B6: Lower fence | C6: {=_xlfn.QUARTILE.INC(_xlfn._xlws.FILTER(Americana!E$2:E1000, Americana!E$2:E1000<>""), 1) - 1.5*(_xlfn.QUARTILE.INC(_xlfn._xlws.FILTER(Americana!E$2:E1000, Americana!E$2:E1000<>""), 3) - _xlfn.QUARTILE.INC(_xlfn._xlws.FILTER(Americana!E$2:E1000, Americana!E$2:E1000<>""), 1))} -> 0 | D6: {=_xlfn.QUARTILE.INC(_xlfn._xlws.FILTER(Americana!F$2:F1000, Americana!F$2:F1000<>""), 1) - 1.5*(_xlfn.QUARTILE.INC(_xlfn._xlws.FILTER(Americana!F$2:F1000, Americana!F$2:F1000<>""), 3) - _xlfn.QUARTILE.INC(_xlfn._xlws.FILTER(Americana!F$2:F1000, Americana!F$2:F1000<>""), 1))} -> 0 | E6: {=_xlfn.QUARTILE.INC(_xlfn._xlws.FILTER(Americana!G$2:G1000, Americana!G$2:G1000<>""), 1) - 1.5*(_xlfn.QUARTILE.INC(_xlfn._xlws.FILTER(Americana!G$2:G1000, Americana!G$2:G1000<>""), 3) - _xlfn.QUARTILE.INC(_xlfn._xlws.FILTER(Americana!G$2:G1000, Americana!G$2:G1000<>""), 1))} -> 0 | F6: {=_xlfn.QUARTILE.INC(_xlfn._xlws.FILTER(Americana!H$2:H1000, Americana!H$2:H1000<>""), 1) - 1.5*(_xlfn.QUARTILE.INC(_xlfn._xlws.FILTER(Americana!H$2:H1000, Americana!H$2:H1000<>""), 3) - _xlfn.QUARTILE.INC(_xlfn._xlws.FILTER(Americana!H$2:H1000, Americana!H$2:H1000<>""), 1))} -> 1.311375 | G6: {=_xlfn.QUARTILE.INC(_xlfn._xlws.FILTER(Americana!I$2:I1000, Americana!I$2:I1000<>""), 1) - 1.5*(_xlfn.QUARTILE.INC(_xlfn._xlws.FILTER(Americana!I$2:I1000, Americana!I$2:I1000<>""), 3) - _xlfn.QUARTILE.INC(_xlfn._xlws.FILTER(Americana!I$2:I1000, Americana!I$2:I1000<>""), 1))} -> 0.037375 | H6: {=_xlfn.QUARTILE.INC(_xlfn._xlws.FILTER(Americana!J$2:J1000, Americana!J$2:J1000<>""), 1) - 1.5*(_xlfn.QUARTILE.INC(_xlfn._xlws.FILTER(Americana!J$2:J1000, Americana!J$2:J1000<>""), 3) - _xlfn.QUARTILE.INC(_xlfn._xlws.FILTER(Americana!J$2:J1000, Americana!J$2:J1000<>""), 1))} -> 1.913375 | I6: {=_xlfn.QUARTILE.INC(_xlfn._xlws.FILTER(Americana!K$2:K1000, Americana!K$2:K1000<>""), 1) - 1.5*(_xlfn.QUARTILE.INC(_xlfn._xlws.FILTER(Americana!K$2:K1000, Americana!K$2:K1000<>""), 3) - _xlfn.QUARTILE.INC(_xlfn._xlws.FILTER(Americana!K$2:K1000, Americana!K$2:K1000<>""), 1))} -> 0.841 | J6: {=_xlfn.QUARTILE.INC(_xlfn._xlws.FILTER(Americana!L$2:L1000, Americana!L$2:L1000<>""), 1) - 1.5*(_xlfn.QUARTILE.INC(_xlfn._xlws.FILTER(Americana!L$2:L1000, Americana!L$2:L1000<>""), 3) - _xlfn.QUARTILE.INC(_xlfn._xlws.FILTER(Americana!L$2:L1000, Americana!L$2:L1000<>""), 1))} -> 0.597875 | ... P6: {=_xlfn.QUARTILE.INC(_xlfn._xlws.FILTER(Americana!R$2:R1000, Americana!R$2:R1000<>""), 1) - 1.5*(_xlfn.QUARTILE.INC(_xlfn._xlws.FILTER(Americana!R$2:R1000, Americana!R$2:R1000<>""), 3) - _xlfn.QUARTILE.INC(_xlfn._xlws.FILTER(Americana!R$2:R1000, Americana!R$2:R1000<>""), 1))} -> 285.69112
A7: AMERICANA | B7: Upper fence | C7: {=_xlfn.QUARTILE.INC(_xlfn._xlws.FILTER(Americana!E$2:E1000, Americana!E$2:E1000<>""), 3) + 1.5*(_xlfn.QUARTILE.INC(_xlfn._xlws.FILTER(Americana!E$2:E1000, Americana!E$2:E1000<>""), 3) - _xlfn.QUARTILE.INC(_xlfn._xlws.FILTER(Americana!E$2:E1000, Americana!E$2:E1000<>""), 1))} -> 0 | D7: {=_xlfn.QUARTILE.INC(_xlfn._xlws.FILTER(Americana!F$2:F1000, Americana!F$2:F1000<>""), 3) + 1.5*(_xlfn.QUARTILE.INC(_xlfn._xlws.FILTER(Americana!F$2:F1000, Americana!F$2:F1000<>""), 3) - _xlfn.QUARTILE.INC(_xlfn._xlws.FILTER(Americana!F$2:F1000, Americana!F$2:F1000<>""), 1))} -> 0 | E7: {=_xlfn.QUARTILE.INC(_xlfn._xlws.FILTER(Americana!G$2:G1000, Americana!G$2:G1000<>""), 3) + 1.5*(_xlfn.QUARTILE.INC(_xlfn._xlws.FILTER(Americana!G$2:G1000, Americana!G$2:G1000<>""), 3) - _xlfn.QUARTILE.INC(_xlfn._xlws.FILTER(Americana!G$2:G1000, Americana!G$2:G1000<>""), 1))} -> 0 | F7: {=_xlfn.QUARTILE.INC(_xlfn._xlws.FILTER(Americana!H$2:H1000, Americana!H$2:H1000<>""), 3) + 1.5*(_xlfn.QUARTILE.INC(_xlfn._xlws.FILTER(Americana!H$2:H1000, Americana!H$2:H1000<>""), 3) - _xlfn.QUARTILE.INC(_xlfn._xlws.FILTER(Americana!H$2:H1000, Americana!H$2:H1000<>""), 1))} -> 8.926375 | G7: {=_xlfn.QUARTILE.INC(_xlfn._xlws.FILTER(Americana!I$2:I1000, Americana!I$2:I1000<>""), 3) + 1.5*(_xlfn.QUARTILE.INC(_xlfn._xlws.FILTER(Americana!I$2:I1000, Americana!I$2:I1000<>""), 3) - _xlfn.QUARTILE.INC(_xlfn._xlws.FILTER(Americana!I$2:I1000, Americana!I$2:I1000<>""), 1))} -> 3.852375 | H7: {=_xlfn.QUARTILE.INC(_xlfn._xlws.FILTER(Americana!J$2:J1000, Americana!J$2:J1000<>""), 3) + 1.5*(_xlfn.QUARTILE.INC(_xlfn._xlws.FILTER(Americana!J$2:J1000, Americana!J$2:J1000<>""), 3) - _xlfn.QUARTILE.INC(_xlfn._xlws.FILTER(Americana!J$2:J1000, Americana!J$2:J1000<>""), 1))} -> 5.342375 | I7: {=_xlfn.QUARTILE.INC(_xlfn._xlws.FILTER(Americana!K$2:K1000, Americana!K$2:K1000<>""), 3) + 1.5*(_xlfn.QUARTILE.INC(_xlfn._xlws.FILTER(Americana!K$2:K1000, Americana!K$2:K1000<>""), 3) - _xlfn.QUARTILE.INC(_xlfn._xlws.FILTER(Americana!K$2:K1000, Americana!K$2:K1000<>""), 1))} -> 2.219 | J7: {=_xlfn.QUARTILE.INC(_xlfn._xlws.FILTER(Americana!L$2:L1000, Americana!L$2:L1000<>""), 3) + 1.5*(_xlfn.QUARTILE.INC(_xlfn._xlws.FILTER(Americana!L$2:L1000, Americana!L$2:L1000<>""), 3) - _xlfn.QUARTILE.INC(_xlfn._xlws.FILTER(Americana!L$2:L1000, Americana!L$2:L1000<>""), 1))} -> 1.936875 | ... P7: {=_xlfn.QUARTILE.INC(_xlfn._xlws.FILTER(Americana!R$2:R1000, Americana!R$2:R1000<>""), 3) + 1.5*(_xlfn.QUARTILE.INC(_xlfn._xlws.FILTER(Americana!R$2:R1000, Americana!R$2:R1000<>""), 3) - _xlfn.QUARTILE.INC(_xlfn._xlws.FILTER(Americana!R$2:R1000, Americana!R$2:R1000<>""), 1))} -> 1058.3721
A8: AMERICANA | B8: Absolute min | C8: {=MIN(_xlfn._xlws.FILTER(Americana!E$2:E1000, Americana!E$2:E1000<>""))} -> 0 | D8: {=MIN(_xlfn._xlws.FILTER(Americana!F$2:F1000, Americana!F$2:F1000<>""))} -> 0 | E8: {=MIN(_xlfn._xlws.FILTER(Americana!G$2:G1000, Americana!G$2:G1000<>""))} -> 0 | F8: {=MIN(_xlfn._xlws.FILTER(Americana!H$2:H1000, Americana!H$2:H1000<>""))} -> 2.147 | G8: {=MIN(_xlfn._xlws.FILTER(Americana!I$2:I1000, Americana!I$2:I1000<>""))} -> 0.378 | H8: {=MIN(_xlfn._xlws.FILTER(Americana!J$2:J1000, Americana!J$2:J1000<>""))} -> 2.299 | I8: {=MIN(_xlfn._xlws.FILTER(Americana!K$2:K1000, Americana!K$2:K1000<>""))} -> 0.778 | J8: {=MIN(_xlfn._xlws.FILTER(Americana!L$2:L1000, Americana!L$2:L1000<>""))} -> 0.375 | ... P8: {=MIN(_xlfn._xlws.FILTER(Americana!R$2:R1000, Americana!R$2:R1000<>""))} -> 436.43
A9: AMERICANA | B9: Absolute max | C9: {=MAX(_xlfn._xlws.FILTER(Americana!E$2:E1000, Americana!E$2:E1000<>""))} -> 2.874 | D9: {=MAX(_xlfn._xlws.FILTER(Americana!F$2:F1000, Americana!F$2:F1000<>""))} -> 0.504 | E9: {=MAX(_xlfn._xlws.FILTER(Americana!G$2:G1000, Americana!G$2:G1000<>""))} -> 0 | F9: {=MAX(_xlfn._xlws.FILTER(Americana!H$2:H1000, Americana!H$2:H1000<>""))} -> 8.625 | G9: {=MAX(_xlfn._xlws.FILTER(Americana!I$2:I1000, Americana!I$2:I1000<>""))} -> 3.299 | H9: {=MAX(_xlfn._xlws.FILTER(Americana!J$2:J1000, Americana!J$2:J1000<>""))} -> 4.997 | I9: {=MAX(_xlfn._xlws.FILTER(Americana!K$2:K1000, Americana!K$2:K1000<>""))} -> 1.999 | J9: {=MAX(_xlfn._xlws.FILTER(Americana!L$2:L1000, Americana!L$2:L1000<>""))} -> 1.865 | ... P9: {=MAX(_xlfn._xlws.FILTER(Americana!R$2:R1000, Americana!R$2:R1000<>""))} -> 945.758
A10: AMERICANA | B10: Full (absolute min) min–max (absolute max) mm | C10: ="(" & IF(MIN(Americana!E$2:E$1000)<_xlfn.QUARTILE.INC(Americana!E$2:E$1000,1)-1.5*(_xlfn.QUARTILE.INC(Americana!E$2:E$1000,3)-_xlfn.QUARTILE.INC(Americana!E$2:E$1000,1)),MIN(Americana!E$2:E$1000),"") & ") " & _xlfn.MINIFS(Americana!E$2:E$1000, Americana!E$2:E$1000, ">=" & _xlfn.QUARTILE.INC(Americana!E$2:E$1000,1)-1.5*(_xlfn.QUARTILE.INC(Americana!E$2:E$1000,3)-_xlfn.QUARTILE.INC(Americana!E$2:E$1000,1)), Americana!E$2:E$1000, "<=" & _xlfn.QUARTILE.INC(Americana!E$2:E$1000,3)+1.5*(_xlfn.QUARTILE.INC(Americana!E$2:E$1000,3)-_xlfn.QUARTILE.INC(Americana!E$2:E$1000,1))) & "–" & _xlfn.MAXIFS(Americana!E$2:E$1000, Americana!E$2:E$1000, ">=" & _xlfn.QUARTILE.INC(Americana!E$2:E$1000,1)-1.5*(_xlfn.QUARTILE.INC(Americana!E$2:E$1000,3)-_xlfn.QUARTILE.INC(Americana!E$2:E$1000,1)), Americana!E$2:E$1000, "<=" & _xlfn.QUARTILE.INC(Americana!E$2:E$1000,3)+1.5*(_xlfn.QUARTILE.INC(Americana!E$2:E$1000,3)-_xlfn.QUARTILE.INC(Americana!E$2:E$1000,1))) & " (" & IF(MAX(Americana!E$2:E$1000)>_xlfn.QUARTILE.INC(Americana!E$2:E$1000,3)+1.5*(_xlfn.QUARTILE.INC(Americana!E$2:E$1000,3)-_xlfn.QUARTILE.INC(Americana!E$2:E$1000,1)),MAX(Americana!E$2:E$1000),"") & ") mm" -> () 0–0 (2.874) mm | D10: ="(" & IF(MIN(Americana!F$2:F$1000)<_xlfn.QUARTILE.INC(Americana!F$2:F$1000,1)-1.5*(_xlfn.QUARTILE.INC(Americana!F$2:F$1000,3)-_xlfn.QUARTILE.INC(Americana!F$2:F$1000,1)),MIN(Americana!F$2:F$1000),"") & ") " & _xlfn.MINIFS(Americana!F$2:F$1000, Americana!F$2:F$1000, ">=" & _xlfn.QUARTILE.INC(Americana!F$2:F$1000,1)-1.5*(_xlfn.QUARTILE.INC(Americana!F$2:F$1000,3)-_xlfn.QUARTILE.INC(Americana!F$2:F$1000,1)), Americana!F$2:F$1000, "<=" & _xlfn.QUARTILE.INC(Americana!F$2:F$1000,3)+1.5*(_xlfn.QUARTILE.INC(Americana!F$2:F$1000,3)-_xlfn.QUARTILE.INC(Americana!F$2:F$1000,1))) & "–" & _xlfn.MAXIFS(Americana!F$2:F$1000, Americana!F$2:F$1000, ">=" & _xlfn.QUARTILE.INC(Americana!F$2:F$1000,1)-1.5*(_xlfn.QUARTILE.INC(Americana!F$2:F$1000,3)-_xlfn.QUARTILE.INC(Americana!F$2:F$1000,1)), Americana!F$2:F$1000, "<=" & _xlfn.QUARTILE.INC(Americana!F$2:F$1000,3)+1.5*(_xlfn.QUARTILE.INC(Americana!F$2:F$1000,3)-_xlfn.QUARTILE.INC(Americana!F$2:F$1000,1))) & " (" & IF(MAX(Americana!F$2:F$1000)>_xlfn.QUARTILE.INC(Americana!F$2:F$1000,3)+1.5*(_xlfn.QUARTILE.INC(Americana!F$2:F$1000,3)-_xlfn.QUARTILE.INC(Americana!F$2:F$1000,1)),MAX(Americana!F$2:F$1000),"") & ") mm" -> () 0–0 (0.504) mm | E10: ="(" & IF(MIN(Americana!G$2:G$1000)<_xlfn.QUARTILE.INC(Americana!G$2:G$1000,1)-1.5*(_xlfn.QUARTILE.INC(Americana!G$2:G$1000,3)-_xlfn.QUARTILE.INC(Americana!G$2:G$1000,1)),MIN(Americana!G$2:G$1000),"") & ") " & _xlfn.MINIFS(Americana!G$2:G$1000, Americana!G$2:G$1000, ">=" & _xlfn.QUARTILE.INC(Americana!G$2:G$1000,1)-1.5*(_xlfn.QUARTILE.INC(Americana!G$2:G$1000,3)-_xlfn.QUARTILE.INC(Americana!G$2:G$1000,1)), Americana!G$2:G$1000, "<=" & _xlfn.QUARTILE.INC(Americana!G$2:G$1000,3)+1.5*(_xlfn.QUARTILE.INC(Americana!G$2:G$1000,3)-_xlfn.QUARTILE.INC(Americana!G$2:G$1000,1))) & "–" & _xlfn.MAXIFS(Americana!G$2:G$1000, Americana!G$2:G$1000, ">=" & _xlfn.QUARTILE.INC(Americana!G$2:G$1000,1)-1.5*(_xlfn.QUARTILE.INC(Americana!G$2:G$1000,3)-_xlfn.QUARTILE.INC(Americana!G$2:G$1000,1)), Americana!G$2:G$1000, "<=" & _xlfn.QUARTILE.INC(Americana!G$2:G$1000,3)+1.5*(_xlfn.QUARTILE.INC(Americana!G$2:G$1000,3)-_xlfn.QUARTILE.INC(Americana!G$2:G$1000,1))) & " (" & IF(MAX(Americana!G$2:G$1000)>_xlfn.QUARTILE.INC(Americana!G$2:G$1000,3)+1.5*(_xlfn.QUARTILE.INC(Americana!G$2:G$1000,3)-_xlfn.QUARTILE.INC(Americana!G$2:G$1000,1)),MAX(Americana!G$2:G$1000),"") & ") mm" -> () 0–0 () mm | F10: ="(" & IF(MIN(Americana!H$2:H$1000)<_xlfn.QUARTILE.INC(Americana!H$2:H$1000,1)-1.5*(_xlfn.QUARTILE.INC(Americana!H$2:H$1000,3)-_xlfn.QUARTILE.INC(Americana!H$2:H$1000,1)),MIN(Americana!H$2:H$1000),"") & ") " & _xlfn.MINIFS(Americana!H$2:H$1000, Americana!H$2:H$1000, ">=" & _xlfn.QUARTILE.INC(Americana!H$2:H$1000,1)-1.5*(_xlfn.QUARTILE.INC(Americana!H$2:H$1000,3)-_xlfn.QUARTILE.INC(Americana!H$2:H$1000,1)), Americana!H$2:H$1000, "<=" & _xlfn.QUARTILE.INC(Americana!H$2:H$1000,3)+1.5*(_xlfn.QUARTILE.INC(Americana!H$2:H$1000,3)-_xlfn.QUARTILE.INC(Americana!H$2:H$1000,1))) & "–" & _xlfn.MAXIFS(Americana!H$2:H$1000, Americana!H$2:H$1000, ">=" & _xlfn.QUARTILE.INC(Americana!H$2:H$1000,1)-1.5*(_xlfn.QUARTILE.INC(Americana!H$2:H$1000,3)-_xlfn.QUARTILE.INC(Americana!H$2:H$1000,1)), Americana!H$2:H$1000, "<=" & _xlfn.QUARTILE.INC(Americana!H$2:H$1000,3)+1.5*(_xlfn.QUARTILE.INC(Americana!H$2:H$1000,3)-_xlfn.QUARTILE.INC(Americana!H$2:H$1000,1))) & " (" & IF(MAX(Americana!H$2:H$1000)>_xlfn.QUARTILE.INC(Americana!H$2:H$1000,3)+1.5*(_xlfn.QUARTILE.INC(Americana!H$2:H$1000,3)-_xlfn.QUARTILE.INC(Americana!H$2:H$1000,1)),MAX(Americana!H$2:H$1000),"") & ") mm" -> () 2.147–8.625 () mm | G10: ="(" & IF(MIN(Americana!I$2:I$1000)<_xlfn.QUARTILE.INC(Americana!I$2:I$1000,1)-1.5*(_xlfn.QUARTILE.INC(Americana!I$2:I$1000,3)-_xlfn.QUARTILE.INC(Americana!I$2:I$1000,1)),MIN(Americana!I$2:I$1000),"") & ") " & _xlfn.MINIFS(Americana!I$2:I$1000, Americana!I$2:I$1000, ">=" & _xlfn.QUARTILE.INC(Americana!I$2:I$1000,1)-1.5*(_xlfn.QUARTILE.INC(Americana!I$2:I$1000,3)-_xlfn.QUARTILE.INC(Americana!I$2:I$1000,1)), Americana!I$2:I$1000, "<=" & _xlfn.QUARTILE.INC(Americana!I$2:I$1000,3)+1.5*(_xlfn.QUARTILE.INC(Americana!I$2:I$1000,3)-_xlfn.QUARTILE.INC(Americana!I$2:I$1000,1))) & "–" & _xlfn.MAXIFS(Americana!I$2:I$1000, Americana!I$2:I$1000, ">=" & _xlfn.QUARTILE.INC(Americana!I$2:I$1000,1)-1.5*(_xlfn.QUARTILE.INC(Americana!I$2:I$1000,3)-_xlfn.QUARTILE.INC(Americana!I$2:I$1000,1)), Americana!I$2:I$1000, "<=" & _xlfn.QUARTILE.INC(Americana!I$2:I$1000,3)+1.5*(_xlfn.QUARTILE.INC(Americana!I$2:I$1000,3)-_xlfn.QUARTILE.INC(Americana!I$2:I$1000,1))) & " (" & IF(MAX(Americana!I$2:I$1000)>_xlfn.QUARTILE.INC(Americana!I$2:I$1000,3)+1.5*(_xlfn.QUARTILE.INC(Americana!I$2:I$1000,3)-_xlfn.QUARTILE.INC(Americana!I$2:I$1000,1)),MAX(Americana!I$2:I$1000),"") & ") mm" -> () 0.378–3.299 () mm | H10: ="(" & IF(MIN(Americana!J$2:J$1000)<_xlfn.QUARTILE.INC(Americana!J$2:J$1000,1)-1.5*(_xlfn.QUARTILE.INC(Americana!J$2:J$1000,3)-_xlfn.QUARTILE.INC(Americana!J$2:J$1000,1)),MIN(Americana!J$2:J$1000),"") & ") " & _xlfn.MINIFS(Americana!J$2:J$1000, Americana!J$2:J$1000, ">=" & _xlfn.QUARTILE.INC(Americana!J$2:J$1000,1)-1.5*(_xlfn.QUARTILE.INC(Americana!J$2:J$1000,3)-_xlfn.QUARTILE.INC(Americana!J$2:J$1000,1)), Americana!J$2:J$1000, "<=" & _xlfn.QUARTILE.INC(Americana!J$2:J$1000,3)+1.5*(_xlfn.QUARTILE.INC(Americana!J$2:J$1000,3)-_xlfn.QUARTILE.INC(Americana!J$2:J$1000,1))) & "–" & _xlfn.MAXIFS(Americana!J$2:J$1000, Americana!J$2:J$1000, ">=" & _xlfn.QUARTILE.INC(Americana!J$2:J$1000,1)-1.5*(_xlfn.QUARTILE.INC(Americana!J$2:J$1000,3)-_xlfn.QUARTILE.INC(Americana!J$2:J$1000,1)), Americana!J$2:J$1000, "<=" & _xlfn.QUARTILE.INC(Americana!J$2:J$1000,3)+1.5*(_xlfn.QUARTILE.INC(Americana!J$2:J$1000,3)-_xlfn.QUARTILE.INC(Americana!J$2:J$1000,1))) & " (" & IF(MAX(Americana!J$2:J$1000)>_xlfn.QUARTILE.INC(Americana!J$2:J$1000,3)+1.5*(_xlfn.QUARTILE.INC(Americana!J$2:J$1000,3)-_xlfn.QUARTILE.INC(Americana!J$2:J$1000,1)),MAX(Americana!J$2:J$1000),"") & ") mm" -> () 2.299–4.997 () mm | I10: ="(" & IF(MIN(Americana!K$2:K$1000)<_xlfn.QUARTILE.INC(Americana!K$2:K$1000,1)-1.5*(_xlfn.QUARTILE.INC(Americana!K$2:K$1000,3)-_xlfn.QUARTILE.INC(Americana!K$2:K$1000,1)),MIN(Americana!K$2:K$1000),"") & ") " & _xlfn.MINIFS(Americana!K$2:K$1000, Americana!K$2:K$1000, ">=" & _xlfn.QUARTILE.INC(Americana!K$2:K$1000,1)-1.5*(_xlfn.QUARTILE.INC(Americana!K$2:K$1000,3)-_xlfn.QUARTILE.INC(Americana!K$2:K$1000,1)), Americana!K$2:K$1000, "<=" & _xlfn.QUARTILE.INC(Americana!K$2:K$1000,3)+1.5*(_xlfn.QUARTILE.INC(Americana!K$2:K$1000,3)-_xlfn.QUARTILE.INC(Americana!K$2:K$1000,1))) & "–" & _xlfn.MAXIFS(Americana!K$2:K$1000, Americana!K$2:K$1000, ">=" & _xlfn.QUARTILE.INC(Americana!K$2:K$1000,1)-1.5*(_xlfn.QUARTILE.INC(Americana!K$2:K$1000,3)-_xlfn.QUARTILE.INC(Americana!K$2:K$1000,1)), Americana!K$2:K$1000, "<=" & _xlfn.QUARTILE.INC(Americana!K$2:K$1000,3)+1.5*(_xlfn.QUARTILE.INC(Americana!K$2:K$1000,3)-_xlfn.QUARTILE.INC(Americana!K$2:K$1000,1))) & " (" & IF(MAX(Americana!K$2:K$1000)>_xlfn.QUARTILE.INC(Americana!K$2:K$1000,3)+1.5*(_xlfn.QUARTILE.INC(Americana!K$2:K$1000,3)-_xlfn.QUARTILE.INC(Americana!K$2:K$1000,1)),MAX(Americana!K$2:K$1000),"") & ") mm" -> (0.778) 0.867–1.999 () mm | J10: ="(" & IF(MIN(Americana!L$2:L$1000)<_xlfn.QUARTILE.INC(Americana!L$2:L$1000,1)-1.5*(_xlfn.QUARTILE.INC(Americana!L$2:L$1000,3)-_xlfn.QUARTILE.INC(Americana!L$2:L$1000,1)),MIN(Americana!L$2:L$1000),"") & ") " & _xlfn.MINIFS(Americana!L$2:L$1000, Americana!L$2:L$1000, ">=" & _xlfn.QUARTILE.INC(Americana!L$2:L$1000,1)-1.5*(_xlfn.QUARTILE.INC(Americana!L$2:L$1000,3)-_xlfn.QUARTILE.INC(Americana!L$2:L$1000,1)), Americana!L$2:L$1000, "<=" & _xlfn.QUARTILE.INC(Americana!L$2:L$1000,3)+1.5*(_xlfn.QUARTILE.INC(Americana!L$2:L$1000,3)-_xlfn.QUARTILE.INC(Americana!L$2:L$1000,1))) & "–" & _xlfn.MAXIFS(Americana!L$2:L$1000, Americana!L$2:L$1000, ">=" & _xlfn.QUARTILE.INC(Americana!L$2:L$1000,1)-1.5*(_xlfn.QUARTILE.INC(Americana!L$2:L$1000,3)-_xlfn.QUARTILE.INC(Americana!L$2:L$1000,1)), Americana!L$2:L$1000, "<=" & _xlfn.QUARTILE.INC(Americana!L$2:L$1000,3)+1.5*(_xlfn.QUARTILE.INC(Americana!L$2:L$1000,3)-_xlfn.QUARTILE.INC(Americana!L$2:L$1000,1))) & " (" & IF(MAX(Americana!L$2:L$1000)>_xlfn.QUARTILE.INC(Americana!L$2:L$1000,3)+1.5*(_xlfn.QUARTILE.INC(Americana!L$2:L$1000,3)-_xlfn.QUARTILE.INC(Americana!L$2:L$1000,1)),MAX(Americana!L$2:L$1000),"") & ") mm" -> (0.375) 0.764–1.865 () mm | ... P10: ="(" & IF(MIN(Americana!R$2:R$1000)<_xlfn.QUARTILE.INC(Americana!R$2:R$1000,1)-1.5*(_xlfn.QUARTILE.INC(Americana!R$2:R$1000,3)-_xlfn.QUARTILE.INC(Americana!R$2:R$1000,1)),MIN(Americana!R$2:R$1000),"") & ") " & _xlfn.MINIFS(Americana!R$2:R$1000, Americana!R$2:R$1000, ">=" & _xlfn.QUARTILE.INC(Americana!R$2:R$1000,1)-1.5*(_xlfn.QUARTILE.INC(Americana!R$2:R$1000,3)-_xlfn.QUARTILE.INC(Americana!R$2:R$1000,1)), Americana!R$2:R$1000, "<=" & _xlfn.QUARTILE.INC(Americana!R$2:R$1000,3)+1.5*(_xlfn.QUARTILE.INC(Americana!R$2:R$1000,3)-_xlfn.QUARTILE.INC(Americana!R$2:R$1000,1))) & "–" & _xlfn.MAXIFS(Americana!R$2:R$1000, Americana!R$2:R$1000, ">=" & _xlfn.QUARTILE.INC(Americana!R$2:R$1000,1)-1.5*(_xlfn.QUARTILE.INC(Americana!R$2:R$1000,3)-_xlfn.QUARTILE.INC(Americana!R$2:R$1000,1)), Americana!R$2:R$1000, "<=" & _xlfn.QUARTILE.INC(Americana!R$2:R$1000,3)+1.5*(_xlfn.QUARTILE.INC(Americana!R$2:R$1000,3)-_xlfn.QUARTILE.INC(Americana!R$2:R$1000,1))) & " (" & IF(MAX(Americana!R$2:R$1000)>_xlfn.QUARTILE.INC(Americana!R$2:R$1000,3)+1.5*(_xlfn.QUARTILE.INC(Americana!R$2:R$1000,3)-_xlfn.QUARTILE.INC(Americana!R$2:R$1000,1)),MAX(Americana!R$2:R$1000),"") & ") mm" -> () 436.43–945.758 () mm
A11: BREVIPETALA Q1 | B11: Q1 | C11: {=_xlfn.QUARTILE.INC(_xlfn._xlws.FILTER(Brevipetala!E$2:E$1000, Brevipetala!E$2:E$1000<>""), 1)} -> 0 | D11: {=_xlfn.QUARTILE.INC(_xlfn._xlws.FILTER(Brevipetala!F$2:F$1000, Brevipetala!F$2:F$1000<>""), 1)} -> 0 | E11: {=_xlfn.QUARTILE.INC(_xlfn._xlws.FILTER(Brevipetala!G$2:G$1000, Brevipetala!G$2:G$1000<>""), 1)} -> 0 | F11: {=_xlfn.QUARTILE.INC(_xlfn._xlws.FILTER(Brevipetala!H$2:H$1000, Brevipetala!H$2:H$1000<>""), 1)} -> 3.742 | G11: {=_xlfn.QUARTILE.INC(_xlfn._xlws.FILTER(Brevipetala!I$2:I$1000, Brevipetala!I$2:I$1000<>""), 1)} -> 1.19275 | H11: {=_xlfn.QUARTILE.INC(_xlfn._xlws.FILTER(Brevipetala!J$2:J$1000, Brevipetala!J$2:J$1000<>""), 1)} -> 3.027 | I11: {=_xlfn.QUARTILE.INC(_xlfn._xlws.FILTER(Brevipetala!K$2:K$1000, Brevipetala!K$2:K$1000<>""), 1)} -> 0.9635 | J11: {=_xlfn.QUARTILE.INC(_xlfn._xlws.FILTER(Brevipetala!L$2:L$1000, Brevipetala!L$2:L$1000<>""), 1)} -> 0.753 | ... P11: {=_xlfn.QUARTILE.INC(_xlfn._xlws.FILTER(Brevipetala!R$2:R$1000, Brevipetala!R$2:R$1000<>""), 1)} -> 581.36725
A12: BREVIPETALA Q2 | B12: Q2 (median) | C12: {=_xlfn.QUARTILE.INC(_xlfn._xlws.FILTER(Brevipetala!E$2:E$1000, Brevipetala!E$2:E$1000<>""), 2)} -> 0 | D12: {=_xlfn.QUARTILE.INC(_xlfn._xlws.FILTER(Brevipetala!F$2:F$1000, Brevipetala!F$2:F$1000<>""), 2)} -> 0 | E12: {=_xlfn.QUARTILE.INC(_xlfn._xlws.FILTER(Brevipetala!G$2:G$1000, Brevipetala!G$2:G$1000<>""), 2)} -> 0 | F12: {=_xlfn.QUARTILE.INC(_xlfn._xlws.FILTER(Brevipetala!H$2:H$1000, Brevipetala!H$2:H$1000<>""), 2)} -> 4.9065 | G12: {=_xlfn.QUARTILE.INC(_xlfn._xlws.FILTER(Brevipetala!I$2:I$1000, Brevipetala!I$2:I$1000<>""), 2)} -> 1.5055 | H12: {=_xlfn.QUARTILE.INC(_xlfn._xlws.FILTER(Brevipetala!J$2:J$1000, Brevipetala!J$2:J$1000<>""), 2)} -> 3.7 | I12: {=_xlfn.QUARTILE.INC(_xlfn._xlws.FILTER(Brevipetala!K$2:K$1000, Brevipetala!K$2:K$1000<>""), 2)} -> 1.176 | J12: {=_xlfn.QUARTILE.INC(_xlfn._xlws.FILTER(Brevipetala!L$2:L$1000, Brevipetala!L$2:L$1000<>""), 2)} -> 0.9515 | ... P12: {=_xlfn.QUARTILE.INC(_xlfn._xlws.FILTER(Brevipetala!R$2:R$1000, Brevipetala!R$2:R$1000<>""), 2)} -> 694.712
A13: BREVIPETALA Q3 | B13: Q3 | C13: {=_xlfn.QUARTILE.INC(_xlfn._xlws.FILTER(Brevipetala!E$2:E$1000, Brevipetala!E$2:E$1000<>""), 3)} -> 0 | D13: {=_xlfn.QUARTILE.INC(_xlfn._xlws.FILTER(Brevipetala!F$2:F$1000, Brevipetala!F$2:F$1000<>""), 3)} -> 0 | E13: {=_xlfn.QUARTILE.INC(_xlfn._xlws.FILTER(Brevipetala!G$2:G$1000, Brevipetala!G$2:G$1000<>""), 3)} -> 0.723 | F13: {=_xlfn.QUARTILE.INC(_xlfn._xlws.FILTER(Brevipetala!H$2:H$1000, Brevipetala!H$2:H$1000<>""), 3)} -> 5.96375 | G13: {=_xlfn.QUARTILE.INC(_xlfn._xlws.FILTER(Brevipetala!I$2:I$1000, Brevipetala!I$2:I$1000<>""), 3)} -> 2.23 | H13: {=_xlfn.QUARTILE.INC(_xlfn._xlws.FILTER(Brevipetala!J$2:J$1000, Brevipetala!J$2:J$1000<>""), 3)} -> 4.095 | I13: {=_xlfn.QUARTILE.INC(_xlfn._xlws.FILTER(Brevipetala!K$2:K$1000, Brevipetala!K$2:K$1000<>""), 3)} -> 1.524 | J13: {=_xlfn.QUARTILE.INC(_xlfn._xlws.FILTER(Brevipetala!L$2:L$1000, Brevipetala!L$2:L$1000<>""), 3)} -> 1.26075 | ... P13: {=_xlfn.QUARTILE.INC(_xlfn._xlws.FILTER(Brevipetala!R$2:R$1000, Brevipetala!R$2:R$1000<>""), 3)} -> 783.85525
A14: BREVIPETALA IQR | B14: IQR | C14: {=_xlfn.QUARTILE.INC(_xlfn._xlws.FILTER(Brevipetala!E$2:E$1000, Brevipetala!E$2:E$1000<>""), 3) - _xlfn.QUARTILE.INC(_xlfn._xlws.FILTER(Brevipetala!E$2:E$1000, Brevipetala!E$2:E$1000<>""), 1)} -> 0 | D14: {=_xlfn.QUARTILE.INC(_xlfn._xlws.FILTER(Brevipetala!F$2:F$1000, Brevipetala!F$2:F$1000<>""), 3) - _xlfn.QUARTILE.INC(_xlfn._xlws.FILTER(Brevipetala!F$2:F$1000, Brevipetala!F$2:F$1000<>""), 1)} -> 0 | E14: {=_xlfn.QUARTILE.INC(_xlfn._xlws.FILTER(Brevipetala!G$2:G$1000, Brevipetala!G$2:G$1000<>""), 3) - _xlfn.QUARTILE.INC(_xlfn._xlws.FILTER(Brevipetala!G$2:G$1000, Brevipetala!G$2:G$1000<>""), 1)} -> 0.723 | F14: {=_xlfn.QUARTILE.INC(_xlfn._xlws.FILTER(Brevipetala!H$2:H$1000, Brevipetala!H$2:H$1000<>""), 3) - _xlfn.QUARTILE.INC(_xlfn._xlws.FILTER(Brevipetala!H$2:H$1000, Brevipetala!H$2:H$1000<>""), 1)} -> 2.22175 | G14: {=_xlfn.QUARTILE.INC(_xlfn._xlws.FILTER(Brevipetala!I$2:I$1000, Brevipetala!I$2:I$1000<>""), 3) - _xlfn.QUARTILE.INC(_xlfn._xlws.FILTER(Brevipetala!I$2:I$1000, Brevipetala!I$2:I$1000<>""), 1)} -> 1.03725 | H14: {=_xlfn.QUARTILE.INC(_xlfn._xlws.FILTER(Brevipetala!J$2:J$1000, Brevipetala!J$2:J$1000<>""), 3) - _xlfn.QUARTILE.INC(_xlfn._xlws.FILTER(Brevipetala!J$2:J$1000, Brevipetala!J$2:J$1000<>""), 1)} -> 1.068 | I14: {=_xlfn.QUARTILE.INC(_xlfn._xlws.FILTER(Brevipetala!K$2:K$1000, Brevipetala!K$2:K$1000<>""), 3) - _xlfn.QUARTILE.INC(_xlfn._xlws.FILTER(Brevipetala!K$2:K$1000, Brevipetala!K$2:K$1000<>""), 1)} -> 0.5605 | J14: {=_xlfn.QUARTILE.INC(_xlfn._xlws.FILTER(Brevipetala!L$2:L$1000, Brevipetala!L$2:L$1000<>""), 3) - _xlfn.QUARTILE.INC(_xlfn._xlws.FILTER(Brevipetala!L$2:L$1000, Brevipetala!L$2:L$1000<>""), 1)} -> 0.50775 | ... P14: {=_xlfn.QUARTILE.INC(_xlfn._xlws.FILTER(Brevipetala!R$2:R$1000, Brevipetala!R$2:R$1000<>""), 3) - _xlfn.QUARTILE.INC(_xlfn._xlws.FILTER(Brevipetala!R$2:R$1000, Brevipetala!R$2:R$1000<>""), 1)} -> 202.488
A15: BREVIPETALA lower bound outliers | B15: Lower fence | C15: {=_xlfn.QUARTILE.INC(_xlfn._xlws.FILTER(Brevipetala!E$2:E$1000, Brevipetala!E$2:E$1000<>""), 1) - 1.5*(_xlfn.QUARTILE.INC(_xlfn._xlws.FILTER(Brevipetala!E$2:E$1000, Brevipetala!E$2:E$1000<>""), 3) - _xlfn.QUARTILE.INC(_xlfn._xlws.FILTER(Brevipetala!E$2:E$1000, Brevipetala!E$2:E$1000<>""), 1))} -> 0 | D15: {=_xlfn.QUARTILE.INC(_xlfn._xlws.FILTER(Brevipetala!F$2:F$1000, Brevipetala!F$2:F$1000<>""), 1) - 1.5*(_xlfn.QUARTILE.INC(_xlfn._xlws.FILTER(Brevipetala!F$2:F$1000, Brevipetala!F$2:F$1000<>""), 3) - _xlfn.QUARTILE.INC(_xlfn._xlws.FILTER(Brevipetala!F$2:F$1000, Brevipetala!F$2:F$1000<>""), 1))} -> 0 | E15: {=_xlfn.QUARTILE.INC(_xlfn._xlws.FILTER(Brevipetala!G$2:G$1000, Brevipetala!G$2:G$1000<>""), 1) - 1.5*(_xlfn.QUARTILE.INC(_xlfn._xlws.FILTER(Brevipetala!G$2:G$1000, Brevipetala!G$2:G$1000<>""), 3) - _xlfn.QUARTILE.INC(_xlfn._xlws.FILTER(Brevipetala!G$2:G$1000, Brevipetala!G$2:G$1000<>""), 1))} -> -1.0845 | F15: {=_xlfn.QUARTILE.INC(_xlfn._xlws.FILTER(Brevipetala!H$2:H$1000, Brevipetala!H$2:H$1000<>""), 1) - 1.5*(_xlfn.QUARTILE.INC(_xlfn._xlws.FILTER(Brevipetala!H$2:H$1000, Brevipetala!H$2:H$1000<>""), 3) - _xlfn.QUARTILE.INC(_xlfn._xlws.FILTER(Brevipetala!H$2:H$1000, Brevipetala!H$2:H$1000<>""), 1))} -> 0.409375 | G15: {=_xlfn.QUARTILE.INC(_xlfn._xlws.FILTER(Brevipetala!I$2:I$1000, Brevipetala!I$2:I$1000<>""), 1) - 1.5*(_xlfn.QUARTILE.INC(_xlfn._xlws.FILTER(Brevipetala!I$2:I$1000, Brevipetala!I$2:I$1000<>""), 3) - _xlfn.QUARTILE.INC(_xlfn._xlws.FILTER(Brevipetala!I$2:I$1000, Brevipetala!I$2:I$1000<>""), 1))} -> -0.363125 | H15: {=_xlfn.QUARTILE.INC(_xlfn._xlws.FILTER(Brevipetala!J$2:J$1000, Brevipetala!J$2:J$1000<>""), 1) - 1.5*(_xlfn.QUARTILE.INC(_xlfn._xlws.FILTER(Brevipetala!J$2:J$1000, Brevipetala!J$2:J$1000<>""), 3) - _xlfn.QUARTILE.INC(_xlfn._xlws.FILTER(Brevipetala!J$2:J$1000, Brevipetala!J$2:J$1000<>""), 1))} -> 1.425 | I15: {=_xlfn.QUARTILE.INC(_xlfn._xlws.FILTER(Brevipetala!K$2:K$1000, Brevipetala!K$2:K$1000<>""), 1) - 1.5*(_xlfn.QUARTILE.INC(_xlfn._xlws.FILTER(Brevipetala!K$2:K$1000, Brevipetala!K$2:K$1000<>""), 3) - _xlfn.QUARTILE.INC(_xlfn._xlws.FILTER(Brevipetala!K$2:K$1000, Brevipetala!K$2:K$1000<>""), 1))} -> 0.12275 | J15: {=_xlfn.QUARTILE.INC(_xlfn._xlws.FILTER(Brevipetala!L$2:L$1000, Brevipetala!L$2:L$1000<>""), 1) - 1.5*(_xlfn.QUARTILE.INC(_xlfn._xlws.FILTER(Brevipetala!L$2:L$1000, Brevipetala!L$2:L$1000<>""), 3) - _xlfn.QUARTILE.INC(_xlfn._xlws.FILTER(Brevipetala!L$2:L$1000, Brevipetala!L$2:L$1000<>""), 1))} -> -0.008625 | ... P15: {=_xlfn.QUARTILE.INC(_xlfn._xlws.FILTER(Brevipetala!R$2:R$1000, Brevipetala!R$2:R$1000<>""), 1) - 1.5*(_xlfn.QUARTILE.INC(_xlfn._xlws.FILTER(Brevipetala!R$2:R$1000, Brevipetala!R$2:R$1000<>""), 3) - _xlfn.QUARTILE.INC(_xlfn._xlws.FILTER(Brevipetala!R$2:R$1000, Brevipetala!R$2:R$1000<>""), 1))} -> 277.63525
A16: BREVIPETALA upper bound outliers | B16: Upper fence | C16: {=_xlfn.QUARTILE.INC(_xlfn._xlws.FILTER(Brevipetala!E$2:E$1000, Brevipetala!E$2:E$1000<>""), 3) + 1.5*(_xlfn.QUARTILE.INC(_xlfn._xlws.FILTER(Brevipetala!E$2:E$1000, Brevipetala!E$2:E$1000<>""), 3) - _xlfn.QUARTILE.INC(_xlfn._xlws.FILTER(Brevipetala!E$2:E$1000, Brevipetala!E$2:E$1000<>""), 1))} -> 0 | D16: {=_xlfn.QUARTILE.INC(_xlfn._xlws.FILTER(Brevipetala!F$2:F$1000, Brevipetala!F$2:F$1000<>""), 3) + 1.5*(_xlfn.QUARTILE.INC(_xlfn._xlws.FILTER(Brevipetala!F$2:F$1000, Brevipetala!F$2:F$1000<>""), 3) - _xlfn.QUARTILE.INC(_xlfn._xlws.FILTER(Brevipetala!F$2:F$1000, Brevipetala!F$2:F$1000<>""), 1))} -> 0 | E16: {=_xlfn.QUARTILE.INC(_xlfn._xlws.FILTER(Brevipetala!G$2:G$1000, Brevipetala!G$2:G$1000<>""), 3) + 1.5*(_xlfn.QUARTILE.INC(_xlfn._xlws.FILTER(Brevipetala!G$2:G$1000, Brevipetala!G$2:G$1000<>""), 3) - _xlfn.QUARTILE.INC(_xlfn._xlws.FILTER(Brevipetala!G$2:G$1000, Brevipetala!G$2:G$1000<>""), 1))} -> 1.8075 | F16: {=_xlfn.QUARTILE.INC(_xlfn._xlws.FILTER(Brevipetala!H$2:H$1000, Brevipetala!H$2:H$1000<>""), 3) + 1.5*(_xlfn.QUARTILE.INC(_xlfn._xlws.FILTER(Brevipetala!H$2:H$1000, Brevipetala!H$2:H$1000<>""), 3) - _xlfn.QUARTILE.INC(_xlfn._xlws.FILTER(Brevipetala!H$2:H$1000, Brevipetala!H$2:H$1000<>""), 1))} -> 9.296375 | G16: {=_xlfn.QUARTILE.INC(_xlfn._xlws.FILTER(Brevipetala!I$2:I$1000, Brevipetala!I$2:I$1000<>""), 3) + 1.5*(_xlfn.QUARTILE.INC(_xlfn._xlws.FILTER(Brevipetala!I$2:I$1000, Brevipetala!I$2:I$1000<>""), 3) - _xlfn.QUARTILE.INC(_xlfn._xlws.FILTER(Brevipetala!I$2:I$1000, Brevipetala!I$2:I$1000<>""), 1))} -> 3.785875 | H16: {=_xlfn.QUARTILE.INC(_xlfn._xlws.FILTER(Brevipetala!J$2:J$1000, Brevipetala!J$2:J$1000<>""), 3) + 1.5*(_xlfn.QUARTILE.INC(_xlfn._xlws.FILTER(Brevipetala!J$2:J$1000, Brevipetala!J$2:J$1000<>""), 3) - _xlfn.QUARTILE.INC(_xlfn._xlws.FILTER(Brevipetala!J$2:J$1000, Brevipetala!J$2:J$1000<>""), 1))} -> 5.697 | I16: {=_xlfn.QUARTILE.INC(_xlfn._xlws.FILTER(Brevipetala!K$2:K$1000, Brevipetala!K$2:K$1000<>""), 3) + 1.5*(_xlfn.QUARTILE.INC(_xlfn._xlws.FILTER(Brevipetala!K$2:K$1000, Brevipetala!K$2:K$1000<>""), 3) - _xlfn.QUARTILE.INC(_xlfn._xlws.FILTER(Brevipetala!K$2:K$1000, Brevipetala!K$2:K$1000<>""), 1))} -> 2.36475 | J16: {=_xlfn.QUARTILE.INC(_xlfn._xlws.FILTER(Brevipetala!L$2:L$1000, Brevipetala!L$2:L$1000<>""), 3) + 1.5*(_xlfn.QUARTILE.INC(_xlfn._xlws.FILTER(Brevipetala!L$2:L$1000, Brevipetala!L$2:L$1000<>""), 3) - _xlfn.QUARTILE.INC(_xlfn._xlws.FILTER(Brevipetala!L$2:L$1000, Brevipetala!L$2:L$1000<>""), 1))} -> 2.022375 | ... P16: {=_xlfn.QUARTILE.INC(_xlfn._xlws.FILTER(Brevipetala!R$2:R$1000, Brevipetala!R$2:R$1000<>""), 3) + 1.5*(_xlfn.QUARTILE.INC(_xlfn._xlws.FILTER(Brevipetala!R$2:R$1000, Brevipetala!R$2:R$1000<>""), 3) - _xlfn.QUARTILE.INC(_xlfn._xlws.FILTER(Brevipetala!R$2:R$1000, Brevipetala!R$2:R$1000<>""), 1))} -> 1087.5872
A17: BREVIPETALA Min (excluding blanks) | B17: Absolute min | C17: {=MIN(_xlfn._xlws.FILTER(Brevipetala!E$2:E$1000, Brevipetala!E$2:E$1000<>""))} -> 0 | D17: {=MIN(_xlfn._xlws.FILTER(Brevipetala!F$2:F$1000, Brevipetala!F$2:F$1000<>""))} -> 0 | E17: {=MIN(_xlfn._xlws.FILTER(Brevipetala!G$2:G$1000, Brevipetala!G$2:G$1000<>""))} -> 0 | F17: {=MIN(_xlfn._xlws.FILTER(Brevipetala!H$2:H$1000, Brevipetala!H$2:H$1000<>""))} -> 1.645 | G17: {=MIN(_xlfn._xlws.FILTER(Brevipetala!I$2:I$1000, Brevipetala!I$2:I$1000<>""))} -> 0.269 | H17: {=MIN(_xlfn._xlws.FILTER(Brevipetala!J$2:J$1000, Brevipetala!J$2:J$1000<>""))} -> 2.01 | I17: {=MIN(_xlfn._xlws.FILTER(Brevipetala!K$2:K$1000, Brevipetala!K$2:K$1000<>""))} -> 0.423 | J17: {=MIN(_xlfn._xlws.FILTER(Brevipetala!L$2:L$1000, Brevipetala!L$2:L$1000<>""))} -> 0.289 | ... P17: {=MIN(_xlfn._xlws.FILTER(Brevipetala!R$2:R$1000, Brevipetala!R$2:R$1000<>""))} -> 238.652
A18: BREVIPETALA Max (excluding blanks) | B18: Absolute max
A19: BREVIPETALA Suggested bounds | B19: Full (absolute min) min–max (absolute max) mm | C19: {="(" & MIN(_xlfn._xlws.FILTER(Brevipetala!E$2:E1000,Brevipetala!E$2:E1000<>"")) & ") " & MIN(_xlfn._xlws.FILTER(Brevipetala!E$2:E1000,(Brevipetala!E$2:E1000<>"")*(Brevipetala!E$2:E1000>=_xlfn.QUARTILE.INC(_xlfn._xlws.FILTER(Brevipetala!E$2:E1000,Brevipetala!E$2:E1000<>""),1)-1.5*(_xlfn.QUARTILE.INC(_xlfn._xlws.FILTER(Brevipetala!E$2:E1000,Brevipetala!E$2:E1000<>""),3)-_xlfn.QUARTILE.INC(_xlfn._xlws.FILTER(Brevipetala!E$2:E1000,Brevipetala!E$2:E1000<>""),1))))) & "–" & MAX(_xlfn._xlws.FILTER(Brevipetala!E$2:E1000,(Brevipetala!E$2:E1000<>"")*(Brevipetala!E$2:E1000<=_xlfn.QUARTILE.INC(_xlfn._xlws.FILTER(Brevipetala!E$2:E1000,Brevipetala!E$2:E1000<>""),3)+1.5*(_xlfn.QUARTILE.INC(_xlfn._xlws.FILTER(Brevipetala!E$2:E1000,Brevipetala!E$2:E1000<>""),3)-_xlfn.QUARTILE.INC(_xlfn._xlws.FILTER(Brevipetala!E$2:E1000,Brevipetala!E$2:E1000<>""),1))))) & " (" & MAX(_xlfn._xlws.FILTER(Brevipetala!E$2:E1000,Brevipetala!E$2:E1000<>"")) & ") mm"} -> (0) 0–0 (0) mm | D19: {="(" & MIN(_xlfn._xlws.FILTER(Brevipetala!F$2:F1000,Brevipetala!F$2:F1000<>"")) & ") " & MIN(_xlfn._xlws.FILTER(Brevipetala!F$2:F1000,(Brevipetala!F$2:F1000<>"")*(Brevipetala!F$2:F1000>=_xlfn.QUARTILE.INC(_xlfn._xlws.FILTER(Brevipetala!F$2:F1000,Brevipetala!F$2:F1000<>""),1)-1.5*(_xlfn.QUARTILE.INC(_xlfn._xlws.FILTER(Brevipetala!F$2:F1000,Brevipetala!F$2:F1000<>""),3)-_xlfn.QUARTILE.INC(_xlfn._xlws.FILTER(Brevipetala!F$2:F1000,Brevipetala!F$2:F1000<>""),1))))) & "–" & MAX(_xlfn._xlws.FILTER(Brevipetala!F$2:F1000,(Brevipetala!F$2:F1000<>"")*(Brevipetala!F$2:F1000<=_xlfn.QUARTILE.INC(_xlfn._xlws.FILTER(Brevipetala!F$2:F1000,Brevipetala!F$2:F1000<>""),3)+1.5*(_xlfn.QUARTILE.INC(_xlfn._xlws.FILTER(Brevipetala!F$2:F1000,Brevipetala!F$2:F1000<>""),3)-_xlfn.QUARTILE.INC(_xlfn._xlws.FILTER(Brevipetala!F$2:F1000,Brevipetala!F$2:F1000<>""),1))))) & " (" & MAX(_xlfn._xlws.FILTER(Brevipetala!F$2:F1000,Brevipetala!F$2:F1000<>"")) & ") mm"} -> (0) 0–0 (0) mm | E19: {="(" & MIN(_xlfn._xlws.FILTER(Brevipetala!G$2:G1000,Brevipetala!G$2:G1000<>"")) & ") " & MIN(_xlfn._xlws.FILTER(Brevipetala!G$2:G1000,(Brevipetala!G$2:G1000<>"")*(Brevipetala!G$2:G1000>=_xlfn.QUARTILE.INC(_xlfn._xlws.FILTER(Brevipetala!G$2:G1000,Brevipetala!G$2:G1000<>""),1)-1.5*(_xlfn.QUARTILE.INC(_xlfn._xlws.FILTER(Brevipetala!G$2:G1000,Brevipetala!G$2:G1000<>""),3)-_xlfn.QUARTILE.INC(_xlfn._xlws.FILTER(Brevipetala!G$2:G1000,Brevipetala!G$2:G1000<>""),1))))) & "–" & MAX(_xlfn._xlws.FILTER(Brevipetala!G$2:G1000,(Brevipetala!G$2:G1000<>"")*(Brevipetala!G$2:G1000<=_xlfn.QUARTILE.INC(_xlfn._xlws.FILTER(Brevipetala!G$2:G1000,Brevipetala!G$2:G1000<>""),3)+1.5*(_xlfn.QUARTILE.INC(_xlfn._xlws.FILTER(Brevipetala!G$2:G1000,Brevipetala!G$2:G1000<>""),3)-_xlfn.QUARTILE.INC(_xlfn._xlws.FILTER(Brevipetala!G$2:G1000,Brevipetala!G$2:G1000<>""),1))))) & " (" & MAX(_xlfn._xlws.FILTER(Brevipetala!G$2:G1000,Brevipetala!G$2:G1000<>"")) & ") mm"} -> (0) 0–1.583 (1.583) mm | F19: {="(" & MIN(_xlfn._xlws.FILTER(Brevipetala!H$2:H1000,Brevipetala!H$2:H1000<>"")) & ") " & MIN(_xlfn._xlws.FILTER(Brevipetala!H$2:H1000,(Brevipetala!H$2:H1000<>"")*(Brevipetala!H$2:H1000>=_xlfn.QUARTILE.INC(_xlfn._xlws.FILTER(Brevipetala!H$2:H1000,Brevipetala!H$2:H1000<>""),1)-1.5*(_xlfn.QUARTILE.INC(_xlfn._xlws.FILTER(Brevipetala!H$2:H1000,Brevipetala!H$2:H1000<>""),3)-_xlfn.QUARTILE.INC(_xlfn._xlws.FILTER(Brevipetala!H$2:H1000,Brevipetala!H$2:H1000<>""),1))))) & "–" & MAX(_xlfn._xlws.FILTER(Brevipetala!H$2:H1000,(Brevipetala!H$2:H1000<>"")*(Brevipetala!H$2:H1000<=_xlfn.QUARTILE.INC(_xlfn._xlws.FILTER(Brevipetala!H$2:H1000,Brevipetala!H$2:H1000<>""),3)+1.5*(_xlfn.QUARTILE.INC(_xlfn._xlws.FILTER(Brevipetala!H$2:H1000,Brevipetala!H$2:H1000<>""),3)-_xlfn.QUARTILE.INC(_xlfn._xlws.FILTER(Brevipetala!H$2:H1000,Brevipetala!H$2:H1000<>""),1))))) & " (" & MAX(_xlfn._xlws.FILTER(Brevipetala!H$2:H1000,Brevipetala!H$2:H1000<>"")) & ") mm"} -> (1.645) 1.645–9.113 (10.68) mm | G19: {="(" & MIN(_xlfn._xlws.FILTER(Brevipetala!I$2:I1000,Brevipetala!I$2:I1000<>"")) & ") " & MIN(_xlfn._xlws.FILTER(Brevipetala!I$2:I1000,(Brevipetala!I$2:I1000<>"")*(Brevipetala!I$2:I1000>=_xlfn.QUARTILE.INC(_xlfn._xlws.FILTER(Brevipetala!I$2:I1000,Brevipetala!I$2:I1000<>""),1)-1.5*(_xlfn.QUARTILE.INC(_xlfn._xlws.FILTER(Brevipetala!I$2:I1000,Brevipetala!I$2:I1000<>""),3)-_xlfn.QUARTILE.INC(_xlfn._xlws.FILTER(Brevipetala!I$2:I1000,Brevipetala!I$2:I1000<>""),1))))) & "–" & MAX(_xlfn._xlws.FILTER(Brevipetala!I$2:I1000,(Brevipetala!I$2:I1000<>"")*(Brevipetala!I$2:I1000<=_xlfn.QUARTILE.INC(_xlfn._xlws.FILTER(Brevipetala!I$2:I1000,Brevipetala!I$2:I1000<>""),3)+1.5*(_xlfn.QUARTILE.INC(_xlfn._xlws.FILTER(Brevipetala!I$2:I1000,Brevipetala!I$2:I1000<>""),3)-_xlfn.QUARTILE.INC(_xlfn._xlws.FILTER(Brevipetala!I$2:I1000,Brevipetala!I$2:I1000<>""),1))))) & " (" & MAX(_xlfn._xlws.FILTER(Brevipetala!I$2:I1000,Brevipetala!I$2:I1000<>"")) & ") mm"} -> (0.269) 0.269–3.774 (6.49) mm | H19: {="(" & MIN(_xlfn._xlws.FILTER(Brevipetala!J$2:J1000,Brevipetala!J$2:J1000<>"")) & ") " & MIN(_xlfn._xlws.FILTER(Brevipetala!J$2:J1000,(Brevipetala!J$2:J1000<>"")*(Brevipetala!J$2:J1000>=_xlfn.QUARTILE.INC(_xlfn._xlws.FILTER(Brevipetala!J$2:J1000,Brevipetala!J$2:J1000<>""),1)-1.5*(_xlfn.QUARTILE.INC(_xlfn._xlws.FILTER(Brevipetala!J$2:J1000,Brevipetala!J$2:J1000<>""),3)-_xlfn.QUARTILE.INC(_xlfn._xlws.FILTER(Brevipetala!J$2:J1000,Brevipetala!J$2:J1000<>""),1))))) & "–" & MAX(_xlfn._xlws.FILTER(Brevipetala!J$2:J1000,(Brevipetala!J$2:J1000<>"")*(Brevipetala!J$2:J1000<=_xlfn.QUARTILE.INC(_xlfn._xlws.FILTER(Brevipetala!J$2:J1000,Brevipetala!J$2:J1000<>""),3)+1.5*(_xlfn.QUARTILE.INC(_xlfn._xlws.FILTER(Brevipetala!J$2:J1000,Brevipetala!J$2:J1000<>""),3)-_xlfn.QUARTILE.INC(_xlfn._xlws.FILTER(Brevipetala!J$2:J1000,Brevipetala!J$2:J1000<>""),1))))) & " (" & MAX(_xlfn._xlws.FILTER(Brevipetala!J$2:J1000,Brevipetala!J$2:J1000<>"")) & ") mm"} -> (2.01) 2.01–5.659 (5.659) mm | I19: {="(" & MIN(_xlfn._xlws.FILTER(Brevipetala!K$2:K1000,Brevipetala!K$2:K1000<>"")) & ") " & MIN(_xlfn._xlws.FILTER(Brevipetala!K$2:K1000,(Brevipetala!K$2:K1000<>"")*(Brevipetala!K$2:K1000>=_xlfn.QUARTILE.INC(_xlfn._xlws.FILTER(Brevipetala!K$2:K1000,Brevipetala!K$2:K1000<>""),1)-1.5*(_xlfn.QUARTILE.INC(_xlfn._xlws.FILTER(Brevipetala!K$2:K1000,Brevipetala!K$2:K1000<>""),3)-_xlfn.QUARTILE.INC(_xlfn._xlws.FILTER(Brevipetala!K$2:K1000,Brevipetala!K$2:K1000<>""),1))))) & "–" & MAX(_xlfn._xlws.FILTER(Brevipetala!K$2:K1000,(Brevipetala!K$2:K1000<>"")*(Brevipetala!K$2:K1000<=_xlfn.QUARTILE.INC(_xlfn._xlws.FILTER(Brevipetala!K$2:K1000,Brevipetala!K$2:K1000<>""),3)+1.5*(_xlfn.QUARTILE.INC(_xlfn._xlws.FILTER(Brevipetala!K$2:K1000,Brevipetala!K$2:K1000<>""),3)-_xlfn.QUARTILE.INC(_xlfn._xlws.FILTER(Brevipetala!K$2:K1000,Brevipetala!K$2:K1000<>""),1))))) & " (" & MAX(_xlfn._xlws.FILTER(Brevipetala!K$2:K1000,Brevipetala!K$2:K1000<>"")) & ") mm"} -> (0.423) 0.423–2.309 (2.309) mm | J19: {="(" & MIN(_xlfn._xlws.FILTER(Brevipetala!L$2:L1000,Brevipetala!L$2:L1000<>"")) & ") " & MIN(_xlfn._xlws.FILTER(Brevipetala!L$2:L1000,(Brevipetala!L$2:L1000<>"")*(Brevipetala!L$2:L1000>=_xlfn.QUARTILE.INC(_xlfn._xlws.FILTER(Brevipetala!L$2:L1000,Brevipetala!L$2:L1000<>""),1)-1.5*(_xlfn.QUARTILE.INC(_xlfn._xlws.FILTER(Brevipetala!L$2:L1000,Brevipetala!L$2:L1000<>""),3)-_xlfn.QUARTILE.INC(_xlfn._xlws.FILTER(Brevipetala!L$2:L1000,Brevipetala!L$2:L1000<>""),1))))) & "–" & MAX(_xlfn._xlws.FILTER(Brevipetala!L$2:L1000,(Brevipetala!L$2:L1000<>"")*(Brevipetala!L$2:L1000<=_xlfn.QUARTILE.INC(_xlfn._xlws.FILTER(Brevipetala!L$2:L1000,Brevipetala!L$2:L1000<>""),3)+1.5*(_xlfn.QUARTILE.INC(_xlfn._xlws.FILTER(Brevipetala!L$2:L1000,Brevipetala!L$2:L1000<>""),3)-_xlfn.QUARTILE.INC(_xlfn._xlws.FILTER(Brevipetala!L$2:L1000,Brevipetala!L$2:L1000<>""),1))))) & " (" & MAX(_xlfn._xlws.FILTER(Brevipetala!L$2:L1000,Brevipetala!L$2:L1000<>"")) & ") mm"} -> (0.289) 0.289–1.979 (1.979) mm | ... P19: {="(" & MIN(_xlfn._xlws.FILTER(Brevipetala!R$2:R1000,Brevipetala!R$2:R1000<>"")) & ") " & MIN(_xlfn._xlws.FILTER(Brevipetala!R$2:R1000,(Brevipetala!R$2:R1000<>"")*(Brevipetala!R$2:R1000>=_xlfn.QUARTILE.INC(_xlfn._xlws.FILTER(Brevipetala!R$2:R1000,Brevipetala!R$2:R1000<>""),1)-1.5*(_xlfn.QUARTILE.INC(_xlfn._xlws.FILTER(Brevipetala!R$2:R1000,Brevipetala!R$2:R1000<>""),3)-_xlfn.QUARTILE.INC(_xlfn._xlws.FILTER(Brevipetala!R$2:R1000,Brevipetala!R$2:R1000<>""),1))))) & "–" & MAX(_xlfn._xlws.FILTER(Brevipetala!R$2:R1000,(Brevipetala!R$2:R1000<>"")*(Brevipetala!R$2:R1000<=_xlfn.QUARTILE.INC(_xlfn._xlws.FILTER(Brevipetala!R$2:R1000,Brevipetala!R$2:R1000<>""),3)+1.5*(_xlfn.QUARTILE.INC(_xlfn._xlws.FILTER(Brevipetala!R$2:R1000,Brevipetala!R$2:R1000<>""),3)-_xlfn.QUARTILE.INC(_xlfn._xlws.FILTER(Brevipetala!R$2:R1000,Brevipetala!R$2:R1000<>""),1))))) & " (" & MAX(_xlfn._xlws.FILTER(Brevipetala!R$2:R1000,Brevipetala!R$2:R1000<>"")) & ") mm"} -> (238.652) 322.12–1012.704 (1012.704) mm
A20: CALYCOSA Q1 | B20: Q1 | C20: {=_xlfn.QUARTILE.INC(_xlfn._xlws.FILTER(Calycosa!E$2:E1000, Calycosa!E$2:E1000<>""), 1)} -> 0 | D20: {=_xlfn.QUARTILE.INC(_xlfn._xlws.FILTER(Calycosa!F$2:F1000, Calycosa!F$2:F1000<>""), 1)} -> 0 | E20: {=_xlfn.QUARTILE.INC(_xlfn._xlws.FILTER(Calycosa!G$2:G1000, Calycosa!G$2:G1000<>""), 1)} -> 0 | F20: {=_xlfn.QUARTILE.INC(_xlfn._xlws.FILTER(Calycosa!H$2:H1000, Calycosa!H$2:H1000<>""), 1)} -> 3.755 | G20: {=_xlfn.QUARTILE.INC(_xlfn._xlws.FILTER(Calycosa!I$2:I1000, Calycosa!I$2:I1000<>""), 1)} -> 1.14025 | H20: {=_xlfn.QUARTILE.INC(_xlfn._xlws.FILTER(Calycosa!J$2:J1000, Calycosa!J$2:J1000<>""), 1)} -> 2.676 | I20: {=_xlfn.QUARTILE.INC(_xlfn._xlws.FILTER(Calycosa!K$2:K1000, Calycosa!K$2:K1000<>""), 1)} -> 0.864 | J20: {=_xlfn.QUARTILE.INC(_xlfn._xlws.FILTER(Calycosa!L$2:L1000, Calycosa!L$2:L1000<>""), 1)} -> 0.68925 | ... P20: {=_xlfn.QUARTILE.INC(_xlfn._xlws.FILTER(Calycosa!R$2:R1000, Calycosa!R$2:R1000<>""), 1)} -> 599.278
A21: CALYCOSA Q2 | B21: Q2 (median) | C21: {=_xlfn.QUARTILE.INC(_xlfn._xlws.FILTER(Calycosa!E$2:E1000, Calycosa!E$2:E1000<>""), 2)} -> 0 | D21: {=_xlfn.QUARTILE.INC(_xlfn._xlws.FILTER(Calycosa!F$2:F1000, Calycosa!F$2:F1000<>""), 2)} -> 0 | E21: {=_xlfn.QUARTILE.INC(_xlfn._xlws.FILTER(Calycosa!G$2:G1000, Calycosa!G$2:G1000<>""), 2)} -> 0 | F21: {=_xlfn.QUARTILE.INC(_xlfn._xlws.FILTER(Calycosa!H$2:H1000, Calycosa!H$2:H1000<>""), 2)} -> 4.2975 | G21: {=_xlfn.QUARTILE.INC(_xlfn._xlws.FILTER(Calycosa!I$2:I1000, Calycosa!I$2:I1000<>""), 2)} -> 1.537 | H21: {=_xlfn.QUARTILE.INC(_xlfn._xlws.FILTER(Calycosa!J$2:J1000, Calycosa!J$2:J1000<>""), 2)} -> 2.916 | I21: {=_xlfn.QUARTILE.INC(_xlfn._xlws.FILTER(Calycosa!K$2:K1000, Calycosa!K$2:K1000<>""), 2)} -> 1.066 | J21: {=_xlfn.QUARTILE.INC(_xlfn._xlws.FILTER(Calycosa!L$2:L1000, Calycosa!L$2:L1000<>""), 2)} -> 0.89 | ... P21: {=_xlfn.QUARTILE.INC(_xlfn._xlws.FILTER(Calycosa!R$2:R1000, Calycosa!R$2:R1000<>""), 2)} -> 673.393
A22: CALYCOSA Q3 | B22: Q3 | C22: {=_xlfn.QUARTILE.INC(_xlfn._xlws.FILTER(Calycosa!E$2:E1000, Calycosa!E$2:E1000<>""), 3)} -> 0 | D22: {=_xlfn.QUARTILE.INC(_xlfn._xlws.FILTER(Calycosa!F$2:F1000, Calycosa!F$2:F1000<>""), 3)} -> 0 | E22: {=_xlfn.QUARTILE.INC(_xlfn._xlws.FILTER(Calycosa!G$2:G1000, Calycosa!G$2:G1000<>""), 3)} -> 0 | F22: {=_xlfn.QUARTILE.INC(_xlfn._xlws.FILTER(Calycosa!H$2:H1000, Calycosa!H$2:H1000<>""), 3)} -> 4.82875 | G22: {=_xlfn.QUARTILE.INC(_xlfn._xlws.FILTER(Calycosa!I$2:I1000, Calycosa!I$2:I1000<>""), 3)} -> 1.837 | H22: {=_xlfn.QUARTILE.INC(_xlfn._xlws.FILTER(Calycosa!J$2:J1000, Calycosa!J$2:J1000<>""), 3)} -> 3.39 | I22: {=_xlfn.QUARTILE.INC(_xlfn._xlws.FILTER(Calycosa!K$2:K1000, Calycosa!K$2:K1000<>""), 3)} -> 1.269 | J22: {=_xlfn.QUARTILE.INC(_xlfn._xlws.FILTER(Calycosa!L$2:L1000, Calycosa!L$2:L1000<>""), 3)} -> 1.15175 | ... P22: {=_xlfn.QUARTILE.INC(_xlfn._xlws.FILTER(Calycosa!R$2:R1000, Calycosa!R$2:R1000<>""), 3)} -> 816.576
A23: CALYCOSA IQR | B23: IQR | C23: {=_xlfn.QUARTILE.INC(_xlfn._xlws.FILTER(Calycosa!E$2:E1000, Calycosa!E$2:E1000<>""), 3) - _xlfn.QUARTILE.INC(_xlfn._xlws.FILTER(Calycosa!E$2:E1000, Calycosa!E$2:E1000<>""), 1)} -> 0 | D23: {=_xlfn.QUARTILE.INC(_xlfn._xlws.FILTER(Calycosa!F$2:F1000, Calycosa!F$2:F1000<>""), 3) - _xlfn.QUARTILE.INC(_xlfn._xlws.FILTER(Calycosa!F$2:F1000, Calycosa!F$2:F1000<>""), 1)} -> 0 | E23: {=_xlfn.QUARTILE.INC(_xlfn._xlws.FILTER(Calycosa!G$2:G1000, Calycosa!G$2:G1000<>""), 3) - _xlfn.QUARTILE.INC(_xlfn._xlws.FILTER(Calycosa!G$2:G1000, Calycosa!G$2:G1000<>""), 1)} -> 0 | F23: {=_xlfn.QUARTILE.INC(_xlfn._xlws.FILTER(Calycosa!H$2:H1000, Calycosa!H$2:H1000<>""), 3) - _xlfn.QUARTILE.INC(_xlfn._xlws.FILTER(Calycosa!H$2:H1000, Calycosa!H$2:H1000<>""), 1)} -> 1.07375 | G23: {=_xlfn.QUARTILE.INC(_xlfn._xlws.FILTER(Calycosa!I$2:I1000, Calycosa!I$2:I1000<>""), 3) - _xlfn.QUARTILE.INC(_xlfn._xlws.FILTER(Calycosa!I$2:I1000, Calycosa!I$2:I1000<>""), 1)} -> 0.69675 | H23: {=_xlfn.QUARTILE.INC(_xlfn._xlws.FILTER(Calycosa!J$2:J1000, Calycosa!J$2:J1000<>""), 3) - _xlfn.QUARTILE.INC(_xlfn._xlws.FILTER(Calycosa!J$2:J1000, Calycosa!J$2:J1000<>""), 1)} -> 0.714 | I23: {=_xlfn.QUARTILE.INC(_xlfn._xlws.FILTER(Calycosa!K$2:K1000, Calycosa!K$2:K1000<>""), 3) - _xlfn.QUARTILE.INC(_xlfn._xlws.FILTER(Calycosa!K$2:K1000, Calycosa!K$2:K1000<>""), 1)} -> 0.405 | J23: {=_xlfn.QUARTILE.INC(_xlfn._xlws.FILTER(Calycosa!L$2:L1000, Calycosa!L$2:L1000<>""), 3) - _xlfn.QUARTILE.INC(_xlfn._xlws.FILTER(Calycosa!L$2:L1000, Calycosa!L$2:L1000<>""), 1)} -> 0.4625 | ... P23: {=_xlfn.QUARTILE.INC(_xlfn._xlws.FILTER(Calycosa!R$2:R1000, Calycosa!R$2:R1000<>""), 3) - _xlfn.QUARTILE.INC(_xlfn._xlws.FILTER(Calycosa!R$2:R1000, Calycosa!R$2:R1000<>""), 1)} -> 217.298
A24: CALYCOSA lower bound outliers | B24: Lower fence | C24: {=_xlfn.QUARTILE.INC(_xlfn._xlws.FILTER(Calycosa!E$2:E1000, Calycosa!E$2:E1000<>""), 1) - 1.5*(_xlfn.QUARTILE.INC(_xlfn._xlws.FILTER(Calycosa!E$2:E1000, Calycosa!E$2:E1000<>""), 3) - _xlfn.QUARTILE.INC(_xlfn._xlws.FILTER(Calycosa!E$2:E1000, Calycosa!E$2:E1000<>""), 1))} -> 0 | D24: {=_xlfn.QUARTILE.INC(_xlfn._xlws.FILTER(Calycosa!F$2:F1000, Calycosa!F$2:F1000<>""), 1) - 1.5*(_xlfn.QUARTILE.INC(_xlfn._xlws.FILTER(Calycosa!F$2:F1000, Calycosa!F$2:F1000<>""), 3) - _xlfn.QUARTILE.INC(_xlfn._xlws.FILTER(Calycosa!F$2:F1000, Calycosa!F$2:F1000<>""), 1))} -> 0 | E24: {=_xlfn.QUARTILE.INC(_xlfn._xlws.FILTER(Calycosa!G$2:G1000, Calycosa!G$2:G1000<>""), 1) - 1.5*(_xlfn.QUARTILE.INC(_xlfn._xlws.FILTER(Calycosa!G$2:G1000, Calycosa!G$2:G1000<>""), 3) - _xlfn.QUARTILE.INC(_xlfn._xlws.FILTER(Calycosa!G$2:G1000, Calycosa!G$2:G1000<>""), 1))} -> 0 | F24: {=_xlfn.QUARTILE.INC(_xlfn._xlws.FILTER(Calycosa!H$2:H1000, Calycosa!H$2:H1000<>""), 1) - 1.5*(_xlfn.QUARTILE.INC(_xlfn._xlws.FILTER(Calycosa!H$2:H1000, Calycosa!H$2:H1000<>""), 3) - _xlfn.QUARTILE.INC(_xlfn._xlws.FILTER(Calycosa!H$2:H1000, Calycosa!H$2:H1000<>""), 1))} -> 2.144375 | G24: {=_xlfn.QUARTILE.INC(_xlfn._xlws.FILTER(Calycosa!I$2:I1000, Calycosa!I$2:I1000<>""), 1) - 1.5*(_xlfn.QUARTILE.INC(_xlfn._xlws.FILTER(Calycosa!I$2:I1000, Calycosa!I$2:I1000<>""), 3) - _xlfn.QUARTILE.INC(_xlfn._xlws.FILTER(Calycosa!I$2:I1000, Calycosa!I$2:I1000<>""), 1))} -> 0.095125 | H24: {=_xlfn.QUARTILE.INC(_xlfn._xlws.FILTER(Calycosa!J$2:J1000, Calycosa!J$2:J1000<>""), 1) - 1.5*(_xlfn.QUARTILE.INC(_xlfn._xlws.FILTER(Calycosa!J$2:J1000, Calycosa!J$2:J1000<>""), 3) - _xlfn.QUARTILE.INC(_xlfn._xlws.FILTER(Calycosa!J$2:J1000, Calycosa!J$2:J1000<>""), 1))} -> 1.605 | I24: {=_xlfn.QUARTILE.INC(_xlfn._xlws.FILTER(Calycosa!K$2:K1000, Calycosa!K$2:K1000<>""), 1) - 1.5*(_xlfn.QUARTILE.INC(_xlfn._xlws.FILTER(Calycosa!K$2:K1000, Calycosa!K$2:K1000<>""), 3) - _xlfn.QUARTILE.INC(_xlfn._xlws.FILTER(Calycosa!K$2:K1000, Calycosa!K$2:K1000<>""), 1))} -> 0.2565 | J24: {=_xlfn.QUARTILE.INC(_xlfn._xlws.FILTER(Calycosa!L$2:L1000, Calycosa!L$2:L1000<>""), 1) - 1.5*(_xlfn.QUARTILE.INC(_xlfn._xlws.FILTER(Calycosa!L$2:L1000, Calycosa!L$2:L1000<>""), 3) - _xlfn.QUARTILE.INC(_xlfn._xlws.FILTER(Calycosa!L$2:L1000, Calycosa!L$2:L1000<>""), 1))} -> -0.0045 | ... P24: {=_xlfn.QUARTILE.INC(_xlfn._xlws.FILTER(Calycosa!R$2:R1000, Calycosa!R$2:R1000<>""), 1) - 1.5*(_xlfn.QUARTILE.INC(_xlfn._xlws.FILTER(Calycosa!R$2:R1000, Calycosa!R$2:R1000<>""), 3) - _xlfn.QUARTILE.INC(_xlfn._xlws.FILTER(Calycosa!R$2:R1000, Calycosa!R$2:R1000<>""), 1))} -> 273.331
A25: CALYCOSA upper bound outliers | B25: Upper fence | C25: {=_xlfn.QUARTILE.INC(_xlfn._xlws.FILTER(Calycosa!E$2:E1000, Calycosa!E$2:E1000<>""), 3) + 1.5*(_xlfn.QUARTILE.INC(_xlfn._xlws.FILTER(Calycosa!E$2:E1000, Calycosa!E$2:E1000<>""), 3) - _xlfn.QUARTILE.INC(_xlfn._xlws.FILTER(Calycosa!E$2:E1000, Calycosa!E$2:E1000<>""), 1))} -> 0 | D25: {=_xlfn.QUARTILE.INC(_xlfn._xlws.FILTER(Calycosa!F$2:F1000, Calycosa!F$2:F1000<>""), 3) + 1.5*(_xlfn.QUARTILE.INC(_xlfn._xlws.FILTER(Calycosa!F$2:F1000, Calycosa!F$2:F1000<>""), 3) - _xlfn.QUARTILE.INC(_xlfn._xlws.FILTER(Calycosa!F$2:F1000, Calycosa!F$2:F1000<>""), 1))} -> 0 | E25: {=_xlfn.QUARTILE.INC(_xlfn._xlws.FILTER(Calycosa!G$2:G1000, Calycosa!G$2:G1000<>""), 3) + 1.5*(_xlfn.QUARTILE.INC(_xlfn._xlws.FILTER(Calycosa!G$2:G1000, Calycosa!G$2:G1000<>""), 3) - _xlfn.QUARTILE.INC(_xlfn._xlws.FILTER(Calycosa!G$2:G1000, Calycosa!G$2:G1000<>""), 1))} -> 0 | F25: {=_xlfn.QUARTILE.INC(_xlfn._xlws.FILTER(Calycosa!H$2:H1000, Calycosa!H$2:H1000<>""), 3) + 1.5*(_xlfn.QUARTILE.INC(_xlfn._xlws.FILTER(Calycosa!H$2:H1000, Calycosa!H$2:H1000<>""), 3) - _xlfn.QUARTILE.INC(_xlfn._xlws.FILTER(Calycosa!H$2:H1000, Calycosa!H$2:H1000<>""), 1))} -> 6.439375 | G25: {=_xlfn.QUARTILE.INC(_xlfn._xlws.FILTER(Calycosa!I$2:I1000, Calycosa!I$2:I1000<>""), 3) + 1.5*(_xlfn.QUARTILE.INC(_xlfn._xlws.FILTER(Calycosa!I$2:I1000, Calycosa!I$2:I1000<>""), 3) - _xlfn.QUARTILE.INC(_xlfn._xlws.FILTER(Calycosa!I$2:I1000, Calycosa!I$2:I1000<>""), 1))} -> 2.882125 | H25: {=_xlfn.QUARTILE.INC(_xlfn._xlws.FILTER(Calycosa!J$2:J1000, Calycosa!J$2:J1000<>""), 3) + 1.5*(_xlfn.QUARTILE.INC(_xlfn._xlws.FILTER(Calycosa!J$2:J1000, Calycosa!J$2:J1000<>""), 3) - _xlfn.QUARTILE.INC(_xlfn._xlws.FILTER(Calycosa!J$2:J1000, Calycosa!J$2:J1000<>""), 1))} -> 4.461 | I25: {=_xlfn.QUARTILE.INC(_xlfn._xlws.FILTER(Calycosa!K$2:K1000, Calycosa!K$2:K1000<>""), 3) + 1.5*(_xlfn.QUARTILE.INC(_xlfn._xlws.FILTER(Calycosa!K$2:K1000, Calycosa!K$2:K1000<>""), 3) - _xlfn.QUARTILE.INC(_xlfn._xlws.FILTER(Calycosa!K$2:K1000, Calycosa!K$2:K1000<>""), 1))} -> 1.8765 | J25: {=_xlfn.QUARTILE.INC(_xlfn._xlws.FILTER(Calycosa!L$2:L1000, Calycosa!L$2:L1000<>""), 3) + 1.5*(_xlfn.QUARTILE.INC(_xlfn._xlws.FILTER(Calycosa!L$2:L1000, Calycosa!L$2:L1000<>""), 3) - _xlfn.QUARTILE.INC(_xlfn._xlws.FILTER(Calycosa!L$2:L1000, Calycosa!L$2:L1000<>""), 1))} -> 1.8455 | ... P25: {=_xlfn.QUARTILE.INC(_xlfn._xlws.FILTER(Calycosa!R$2:R1000, Calycosa!R$2:R1000<>""), 3) + 1.5*(_xlfn.QUARTILE.INC(_xlfn._xlws.FILTER(Calycosa!R$2:R1000, Calycosa!R$2:R1000<>""), 3) - _xlfn.QUARTILE.INC(_xlfn._xlws.FILTER(Calycosa!R$2:R1000, Calycosa!R$2:R1000<>""), 1))} -> 1142.523
A26: CALYCOSA Min (excluding blanks) | B26: Absolute min | C26: {=MIN(_xlfn._xlws.FILTER(Calycosa!E$2:E1000, Calycosa!E$2:E1000<>""))} -> 0 | D26: {=MIN(_xlfn._xlws.FILTER(Calycosa!F$2:F1000, Calycosa!F$2:F1000<>""))} -> 0 | E26: {=MIN(_xlfn._xlws.FILTER(Calycosa!G$2:G1000, Calycosa!G$2:G1000<>""))} -> 0 | F26: {=MIN(_xlfn._xlws.FILTER(Calycosa!H$2:H1000, Calycosa!H$2:H1000<>""))} -> 2.441 | G26: {=MIN(_xlfn._xlws.FILTER(Calycosa!I$2:I1000, Calycosa!I$2:I1000<>""))} -> 0.532 | H26: {=MIN(_xlfn._xlws.FILTER(Calycosa!J$2:J1000, Calycosa!J$2:J1000<>""))} -> 2.143 | I26: {=MIN(_xlfn._xlws.FILTER(Calycosa!K$2:K1000, Calycosa!K$2:K1000<>""))} -> 0.494 | J26: {=MIN(_xlfn._xlws.FILTER(Calycosa!L$2:L1000, Calycosa!L$2:L1000<>""))} -> 0.474 | ... P26: {=MIN(_xlfn._xlws.FILTER(Calycosa!R$2:R1000, Calycosa!R$2:R1000<>""))} -> 481.688
A27: CALYCOSA Max (excluding blanks) | B27: Absolute max | C27: {=MAX(_xlfn._xlws.FILTER(Calycosa!E$2:E1000, Calycosa!E$2:E1000<>""))} -> 0.871 | D27: {=MAX(_xlfn._xlws.FILTER(Calycosa!F$2:F1000, Calycosa!F$2:F1000<>""))} -> 0.479 | E27: {=MAX(_xlfn._xlws.FILTER(Calycosa!G$2:G1000, Calycosa!G$2:G1000<>""))} -> 1.42 | F27: {=MAX(_xlfn._xlws.FILTER(Calycosa!H$2:H1000, Calycosa!H$2:H1000<>""))} -> 8.919 | G27: {=MAX(_xlfn._xlws.FILTER(Calycosa!I$2:I1000, Calycosa!I$2:I1000<>""))} -> 2.55 | H27: {=MAX(_xlfn._xlws.FILTER(Calycosa!J$2:J1000, Calycosa!J$2:J1000<>""))} -> 4.258 | I27: {=MAX(_xlfn._xlws.FILTER(Calycosa!K$2:K1000, Calycosa!K$2:K1000<>""))} -> 1.651 | J27: {=MAX(_xlfn._xlws.FILTER(Calycosa!L$2:L1000, Calycosa!L$2:L1000<>""))} -> 1.612 | ... P27: {=MAX(_xlfn._xlws.FILTER(Calycosa!R$2:R1000, Calycosa!R$2:R1000<>""))} -> 961.619
A28: CALYCOSA Suggested bounds | B28: Full (absolute min) min–max (absolute max) mm | C28: ="(" & IF(MIN(Calycosa!E$2:E$1000)<_xlfn.QUARTILE.INC(Calycosa!E$2:E$1000,1)-1.5*(_xlfn.QUARTILE.INC(Calycosa!E$2:E$1000,3)-_xlfn.QUARTILE.INC(Calycosa!E$2:E$1000,1)),MIN(Calycosa!E$2:E$1000),"") & ") " & _xlfn.MINIFS(Calycosa!E$2:E$1000, Calycosa!E$2:E$1000, ">=" & _xlfn.QUARTILE.INC(Calycosa!E$2:E$1000,1)-1.5*(_xlfn.QUARTILE.INC(Calycosa!E$2:E$1000,3)-_xlfn.QUARTILE.INC(Calycosa!E$2:E$1000,1)), Calycosa!E$2:E$1000, "<=" & _xlfn.QUARTILE.INC(Calycosa!E$2:E$1000,3)+1.5*(_xlfn.QUARTILE.INC(Calycosa!E$2:E$1000,3)-_xlfn.QUARTILE.INC(Calycosa!E$2:E$1000,1))) & "–" & _xlfn.MAXIFS(Calycosa!E$2:E$1000, Calycosa!E$2:E$1000, ">=" & _xlfn.QUARTILE.INC(Calycosa!E$2:E$1000,1)-1.5*(_xlfn.QUARTILE.INC(Calycosa!E$2:E$1000,3)-_xlfn.QUARTILE.INC(Calycosa!E$2:E$1000,1)), Calycosa!E$2:E$1000, "<=" & _xlfn.QUARTILE.INC(Calycosa!E$2:E$1000,3)+1.5*(_xlfn.QUARTILE.INC(Calycosa!E$2:E$1000,3)-_xlfn.QUARTILE.INC(Calycosa!E$2:E$1000,1))) & " (" & IF(MAX(Calycosa!E$2:E$1000)>_xlfn.QUARTILE.INC(Calycosa!E$2:E$1000,3)+1.5*(_xlfn.QUARTILE.INC(Calycosa!E$2:E$1000,3)-_xlfn.QUARTILE.INC(Calycosa!E$2:E$1000,1)),MAX(Calycosa!E$2:E$1000),"") & ") mm" -> () 0–0 (0.871) mm | D28: ="(" & IF(MIN(Calycosa!F$2:F$1000)<_xlfn.QUARTILE.INC(Calycosa!F$2:F$1000,1)-1.5*(_xlfn.QUARTILE.INC(Calycosa!F$2:F$1000,3)-_xlfn.QUARTILE.INC(Calycosa!F$2:F$1000,1)),MIN(Calycosa!F$2:F$1000),"") & ") " & _xlfn.MINIFS(Calycosa!F$2:F$1000, Calycosa!F$2:F$1000, ">=" & _xlfn.QUARTILE.INC(Calycosa!F$2:F$1000,1)-1.5*(_xlfn.QUARTILE.INC(Calycosa!F$2:F$1000,3)-_xlfn.QUARTILE.INC(Calycosa!F$2:F$1000,1)), Calycosa!F$2:F$1000, "<=" & _xlfn.QUARTILE.INC(Calycosa!F$2:F$1000,3)+1.5*(_xlfn.QUARTILE.INC(Calycosa!F$2:F$1000,3)-_xlfn.QUARTILE.INC(Calycosa!F$2:F$1000,1))) & "–" & _xlfn.MAXIFS(Calycosa!F$2:F$1000, Calycosa!F$2:F$1000, ">=" & _xlfn.QUARTILE.INC(Calycosa!F$2:F$1000,1)-1.5*(_xlfn.QUARTILE.INC(Calycosa!F$2:F$1000,3)-_xlfn.QUARTILE.INC(Calycosa!F$2:F$1000,1)), Calycosa!F$2:F$1000, "<=" & _xlfn.QUARTILE.INC(Calycosa!F$2:F$1000,3)+1.5*(_xlfn.QUARTILE.INC(Calycosa!F$2:F$1000,3)-_xlfn.QUARTILE.INC(Calycosa!F$2:F$1000,1))) & " (" & IF(MAX(Calycosa!F$2:F$1000)>_xlfn.QUARTILE.INC(Calycosa!F$2:F$1000,3)+1.5*(_xlfn.QUARTILE.INC(Calycosa!F$2:F$1000,3)-_xlfn.QUARTILE.INC(Calycosa!F$2:F$1000,1)),MAX(Calycosa!F$2:F$1000),"") & ") mm" -> () 0–0 (0.479) mm | E28: ="(" & IF(MIN(Calycosa!G$2:G$1000)<_xlfn.QUARTILE.INC(Calycosa!G$2:G$1000,1)-1.5*(_xlfn.QUARTILE.INC(Calycosa!G$2:G$1000,3)-_xlfn.QUARTILE.INC(Calycosa!G$2:G$1000,1)),MIN(Calycosa!G$2:G$1000),"") & ") " & _xlfn.MINIFS(Calycosa!G$2:G$1000, Calycosa!G$2:G$1000, ">=" & _xlfn.QUARTILE.INC(Calycosa!G$2:G$1000,1)-1.5*(_xlfn.QUARTILE.INC(Calycosa!G$2:G$1000,3)-_xlfn.QUARTILE.INC(Calycosa!G$2:G$1000,1)), Calycosa!G$2:G$1000, "<=" & _xlfn.QUARTILE.INC(Calycosa!G$2:G$1000,3)+1.5*(_xlfn.QUARTILE.INC(Calycosa!G$2:G$1000,3)-_xlfn.QUARTILE.INC(Calycosa!G$2:G$1000,1))) & "–" & _xlfn.MAXIFS(Calycosa!G$2:G$1000, Calycosa!G$2:G$1000, ">=" & _xlfn.QUARTILE.INC(Calycosa!G$2:G$1000,1)-1.5*(_xlfn.QUARTILE.INC(Calycosa!G$2:G$1000,3)-_xlfn.QUARTILE.INC(Calycosa!G$2:G$1000,1)), Calycosa!G$2:G$1000, "<=" & _xlfn.QUARTILE.INC(Calycosa!G$2:G$1000,3)+1.5*(_xlfn.QUARTILE.INC(Calycosa!G$2:G$1000,3)-_xlfn.QUARTILE.INC(Calycosa!G$2:G$1000,1))) & " (" & IF(MAX(Calycosa!G$2:G$1000)>_xlfn.QUARTILE.INC(Calycosa!G$2:G$1000,3)+1.5*(_xlfn.QUARTILE.INC(Calycosa!G$2:G$1000,3)-_xlfn.QUARTILE.INC(Calycosa!G$2:G$1000,1)),MAX(Calycosa!G$2:G$1000),"") & ") mm" -> () 0–0 (1.42) mm | F28: ="(" & IF(MIN(Calycosa!H$2:H$1000)<_xlfn.QUARTILE.INC(Calycosa!H$2:H$1000,1)-1.5*(_xlfn.QUARTILE.INC(Calycosa!H$2:H$1000,3)-_xlfn.QUARTILE.INC(Calycosa!H$2:H$1000,1)),MIN(Calycosa!H$2:H$1000),"") & ") " & _xlfn.MINIFS(Calycosa!H$2:H$1000, Calycosa!H$2:H$1000, ">=" & _xlfn.QUARTILE.INC(Calycosa!H$2:H$1000,1)-1.5*(_xlfn.QUARTILE.INC(Calycosa!H$2:H$1000,3)-_xlfn.QUARTILE.INC(Calycosa!H$2:H$1000,1)), Calycosa!H$2:H$1000, "<=" & _xlfn.QUARTILE.INC(Calycosa!H$2:H$1000,3)+1.5*(_xlfn.QUARTILE.INC(Calycosa!H$2:H$1000,3)-_xlfn.QUARTILE.INC(Calycosa!H$2:H$1000,1))) & "–" & _xlfn.MAXIFS(Calycosa!H$2:H$1000, Calycosa!H$2:H$1000, ">=" & _xlfn.QUARTILE.INC(Calycosa!H$2:H$1000,1)-1.5*(_xlfn.QUARTILE.INC(Calycosa!H$2:H$1000,3)-_xlfn.QUARTILE.INC(Calycosa!H$2:H$1000,1)), Calycosa!H$2:H$1000, "<=" & _xlfn.QUARTILE.INC(Calycosa!H$2:H$1000,3)+1.5*(_xlfn.QUARTILE.INC(Calycosa!H$2:H$1000,3)-_xlfn.QUARTILE.INC(Calycosa!H$2:H$1000,1))) & " (" & IF(MAX(Calycosa!H$2:H$1000)>_xlfn.QUARTILE.INC(Calycosa!H$2:H$1000,3)+1.5*(_xlfn.QUARTILE.INC(Calycosa!H$2:H$1000,3)-_xlfn.QUARTILE.INC(Calycosa!H$2:H$1000,1)),MAX(Calycosa!H$2:H$1000),"") & ") mm" -> () 2.441–5.684 (8.919) mm | G28: ="(" & IF(MIN(Calycosa!I$2:I$1000)<_xlfn.QUARTILE.INC(Calycosa!I$2:I$1000,1)-1.5*(_xlfn.QUARTILE.INC(Calycosa!I$2:I$1000,3)-_xlfn.QUARTILE.INC(Calycosa!I$2:I$1000,1)),MIN(Calycosa!I$2:I$1000),"") & ") " & _xlfn.MINIFS(Calycosa!I$2:I$1000, Calycosa!I$2:I$1000, ">=" & _xlfn.QUARTILE.INC(Calycosa!I$2:I$1000,1)-1.5*(_xlfn.QUARTILE.INC(Calycosa!I$2:I$1000,3)-_xlfn.QUARTILE.INC(Calycosa!I$2:I$1000,1)), Calycosa!I$2:I$1000, "<=" & _xlfn.QUARTILE.INC(Calycosa!I$2:I$1000,3)+1.5*(_xlfn.QUARTILE.INC(Calycosa!I$2:I$1000,3)-_xlfn.QUARTILE.INC(Calycosa!I$2:I$1000,1))) & "–" & _xlfn.MAXIFS(Calycosa!I$2:I$1000, Calycosa!I$2:I$1000, ">=" & _xlfn.QUARTILE.INC(Calycosa!I$2:I$1000,1)-1.5*(_xlfn.QUARTILE.INC(Calycosa!I$2:I$1000,3)-_xlfn.QUARTILE.INC(Calycosa!I$2:I$1000,1)), Calycosa!I$2:I$1000, "<=" & _xlfn.QUARTILE.INC(Calycosa!I$2:I$1000,3)+1.5*(_xlfn.QUARTILE.INC(Calycosa!I$2:I$1000,3)-_xlfn.QUARTILE.INC(Calycosa!I$2:I$1000,1))) & " (" & IF(MAX(Calycosa!I$2:I$1000)>_xlfn.QUARTILE.INC(Calycosa!I$2:I$1000,3)+1.5*(_xlfn.QUARTILE.INC(Calycosa!I$2:I$1000,3)-_xlfn.QUARTILE.INC(Calycosa!I$2:I$1000,1)),MAX(Calycosa!I$2:I$1000),"") & ") mm" -> () 0.532–2.55 () mm | H28: ="(" & IF(MIN(Calycosa!J$2:J$1000)<_xlfn.QUARTILE.INC(Calycosa!J$2:J$1000,1)-1.5*(_xlfn.QUARTILE.INC(Calycosa!J$2:J$1000,3)-_xlfn.QUARTILE.INC(Calycosa!J$2:J$1000,1)),MIN(Calycosa!J$2:J$1000),"") & ") " & _xlfn.MINIFS(Calycosa!J$2:J$1000, Calycosa!J$2:J$1000, ">=" & _xlfn.QUARTILE.INC(Calycosa!J$2:J$1000,1)-1.5*(_xlfn.QUARTILE.INC(Calycosa!J$2:J$1000,3)-_xlfn.QUARTILE.INC(Calycosa!J$2:J$1000,1)), Calycosa!J$2:J$1000, "<=" & _xlfn.QUARTILE.INC(Calycosa!J$2:J$1000,3)+1.5*(_xlfn.QUARTILE.INC(Calycosa!J$2:J$1000,3)-_xlfn.QUARTILE.INC(Calycosa!J$2:J$1000,1))) & "–" & _xlfn.MAXIFS(Calycosa!J$2:J$1000, Calycosa!J$2:J$1000, ">=" & _xlfn.QUARTILE.INC(Calycosa!J$2:J$1000,1)-1.5*(_xlfn.QUARTILE.INC(Calycosa!J$2:J$1000,3)-_xlfn.QUARTILE.INC(Calycosa!J$2:J$1000,1)), Calycosa!J$2:J$1000, "<=" & _xlfn.QUARTILE.INC(Calycosa!J$2:J$1000,3)+1.5*(_xlfn.QUARTILE.INC(Calycosa!J$2:J$1000,3)-_xlfn.QUARTILE.INC(Calycosa!J$2:J$1000,1))) & " (" & IF(MAX(Calycosa!J$2:J$1000)>_xlfn.QUARTILE.INC(Calycosa!J$2:J$1000,3)+1.5*(_xlfn.QUARTILE.INC(Calycosa!J$2:J$1000,3)-_xlfn.QUARTILE.INC(Calycosa!J$2:J$1000,1)),MAX(Calycosa!J$2:J$1000),"") & ") mm" -> () 2.143–4.258 () mm | I28: ="(" & IF(MIN(Calycosa!K$2:K$1000)<_xlfn.QUARTILE.INC(Calycosa!K$2:K$1000,1)-1.5*(_xlfn.QUARTILE.INC(Calycosa!K$2:K$1000,3)-_xlfn.QUARTILE.INC(Calycosa!K$2:K$1000,1)),MIN(Calycosa!K$2:K$1000),"") & ") " & _xlfn.MINIFS(Calycosa!K$2:K$1000, Calycosa!K$2:K$1000, ">=" & _xlfn.QUARTILE.INC(Calycosa!K$2:K$1000,1)-1.5*(_xlfn.QUARTILE.INC(Calycosa!K$2:K$1000,3)-_xlfn.QUARTILE.INC(Calycosa!K$2:K$1000,1)), Calycosa!K$2:K$1000, "<=" & _xlfn.QUARTILE.INC(Calycosa!K$2:K$1000,3)+1.5*(_xlfn.QUARTILE.INC(Calycosa!K$2:K$1000,3)-_xlfn.QUARTILE.INC(Calycosa!K$2:K$1000,1))) & "–" & _xlfn.MAXIFS(Calycosa!K$2:K$1000, Calycosa!K$2:K$1000, ">=" & _xlfn.QUARTILE.INC(Calycosa!K$2:K$1000,1)-1.5*(_xlfn.QUARTILE.INC(Calycosa!K$2:K$1000,3)-_xlfn.QUARTILE.INC(Calycosa!K$2:K$1000,1)), Calycosa!K$2:K$1000, "<=" & _xlfn.QUARTILE.INC(Calycosa!K$2:K$1000,3)+1.5*(_xlfn.QUARTILE.INC(Calycosa!K$2:K$1000,3)-_xlfn.QUARTILE.INC(Calycosa!K$2:K$1000,1))) & " (" & IF(MAX(Calycosa!K$2:K$1000)>_xlfn.QUARTILE.INC(Calycosa!K$2:K$1000,3)+1.5*(_xlfn.QUARTILE.INC(Calycosa!K$2:K$1000,3)-_xlfn.QUARTILE.INC(Calycosa!K$2:K$1000,1)),MAX(Calycosa!K$2:K$1000),"") & ") mm" -> () 0.494–1.651 () mm | J28: ="(" & IF(MIN(Calycosa!L$2:L$1000)<_xlfn.QUARTILE.INC(Calycosa!L$2:L$1000,1)-1.5*(_xlfn.QUARTILE.INC(Calycosa!L$2:L$1000,3)-_xlfn.QUARTILE.INC(Calycosa!L$2:L$1000,1)),MIN(Calycosa!L$2:L$1000),"") & ") " & _xlfn.MINIFS(Calycosa!L$2:L$1000, Calycosa!L$2:L$1000, ">=" & _xlfn.QUARTILE.INC(Calycosa!L$2:L$1000,1)-1.5*(_xlfn.QUARTILE.INC(Calycosa!L$2:L$1000,3)-_xlfn.QUARTILE.INC(Calycosa!L$2:L$1000,1)), Calycosa!L$2:L$1000, "<=" & _xlfn.QUARTILE.INC(Calycosa!L$2:L$1000,3)+1.5*(_xlfn.QUARTILE.INC(Calycosa!L$2:L$1000,3)-_xlfn.QUARTILE.INC(Calycosa!L$2:L$1000,1))) & "–" & _xlfn.MAXIFS(Calycosa!L$2:L$1000, Calycosa!L$2:L$1000, ">=" & _xlfn.QUARTILE.INC(Calycosa!L$2:L$1000,1)-1.5*(_xlfn.QUARTILE.INC(Calycosa!L$2:L$1000,3)-_xlfn.QUARTILE.INC(Calycosa!L$2:L$1000,1)), Calycosa!L$2:L$1000, "<=" & _xlfn.QUARTILE.INC(Calycosa!L$2:L$1000,3)+1.5*(_xlfn.QUARTILE.INC(Calycosa!L$2:L$1000,3)-_xlfn.QUARTILE.INC(Calycosa!L$2:L$1000,1))) & " (" & IF(MAX(Calycosa!L$2:L$1000)>_xlfn.QUARTILE.INC(Calycosa!L$2:L$1000,3)+1.5*(_xlfn.QUARTILE.INC(Calycosa!L$2:L$1000,3)-_xlfn.QUARTILE.INC(Calycosa!L$2:L$1000,1)),MAX(Calycosa!L$2:L$1000),"") & ") mm" -> () 0.474–1.612 () mm | ... W28: ="(" & IF(MIN(Calycosa!Y$2:Y$1000)<_xlfn.QUARTILE.INC(Calycosa!Y$2:Y$1000,1)-1.5*(_xlfn.QUARTILE.INC(Calycosa!Y$2:Y$1000,3)-_xlfn.QUARTILE.INC(Calycosa!Y$2:Y$1000,1)),MIN(Calycosa!Y$2:Y$1000),"") & ") " & _xlfn.MINIFS(Calycosa!Y$2:Y$1000, Calycosa!Y$2:Y$1000, ">=" & _xlfn.QUARTILE.INC(Calycosa!Y$2:Y$1000,1)-1.5*(_xlfn.QUARTILE.INC(Calycosa!Y$2:Y$1000,3)-_xlfn.QUARTILE.INC(Calycosa!Y$2:Y$1000,1)), Calycosa!Y$2:Y$1000, "<=" & _xlfn.QUARTILE.INC(Calycosa!Y$2:Y$1000,3)+1.5*(_xlfn.QUARTILE.INC(Calycosa!Y$2:Y$1000,3)-_xlfn.QUARTILE.INC(Calycosa!Y$2:Y$1000,1))) & "–" & _xlfn.MAXIFS(Calycosa!Y$2:Y$1000, Calycosa!Y$2:Y$1000, ">=" & _xlfn.QUARTILE.INC(Calycosa!Y$2:Y$1000,1)-1.5*(_xlfn.QUARTILE.INC(Calycosa!Y$2:Y$1000,3)-_xlfn.QUARTILE.INC(Calycosa!Y$2:Y$1000,1)), Calycosa!Y$2:Y$1000, "<=" & _xlfn.QUARTILE.INC(Calycosa!Y$2:Y$1000,3)+1.5*(_xlfn.QUARTILE.INC(Calycosa!Y$2:Y$1000,3)-_xlfn.QUARTILE.INC(Calycosa!Y$2:Y$1000,1))) & " (" & IF(MAX(Calycosa!Y$2:Y$1000)>_xlfn.QUARTILE.INC(Calycosa!Y$2:Y$1000,3)+1.5*(_xlfn.QUARTILE.INC(Calycosa!Y$2:Y$1000,3)-_xlfn.QUARTILE.INC(Calycosa!Y$2:Y$1000,1)),MAX(Calycosa!Y$2:Y$1000),"") & ") mm" -> () 21.811–42.375 () mm
A29: FUMOSIMONTANA | B29: Q1 | C29: {=_xlfn.QUARTILE.INC(_xlfn._xlws.FILTER(Fumosimontana!E$2:E1000, Fumosimontana!E$2:E1000<>""), 1)} -> 1.4125 | D29: {=_xlfn.QUARTILE.INC(_xlfn._xlws.FILTER(Fumosimontana!F$2:F1000, Fumosimontana!F$2:F1000<>""), 1)} -> 0.58 | E29: {=_xlfn.QUARTILE.INC(_xlfn._xlws.FILTER(Fumosimontana!G$2:G1000, Fumosimontana!G$2:G1000<>""), 1)} -> 0.49 | F29: {=_xlfn.QUARTILE.INC(_xlfn._xlws.FILTER(Fumosimontana!H$2:H1000, Fumosimontana!H$2:H1000<>""), 1)} -> 1.4 | G29: {=_xlfn.QUARTILE.INC(_xlfn._xlws.FILTER(Fumosimontana!I$2:I1000, Fumosimontana!I$2:I1000<>""), 1)} -> 3.205 | H29: {=_xlfn.QUARTILE.INC(_xlfn._xlws.FILTER(Fumosimontana!J$2:J1000, Fumosimontana!J$2:J1000<>""), 1)} -> 3.48 | I29: {=_xlfn.QUARTILE.INC(_xlfn._xlws.FILTER(Fumosimontana!K$2:K1000, Fumosimontana!K$2:K1000<>""), 1)} -> 1.1 | J29: {=_xlfn.QUARTILE.INC(_xlfn._xlws.FILTER(Fumosimontana!L$2:L1000, Fumosimontana!L$2:L1000<>""), 1)} -> 0.7775 | ... P29: {=_xlfn.QUARTILE.INC(_xlfn._xlws.FILTER(Fumosimontana!R$2:R1000, Fumosimontana!R$2:R1000<>""), 1)} -> 71.174
A30: FUMOSIMONTANA | B30: Q2 (median) | C30: {=_xlfn.QUARTILE.INC(_xlfn._xlws.FILTER(Fumosimontana!E$2:E1000, Fumosimontana!E$2:E1000<>""), 2)} -> 1.61 | D30: {=_xlfn.QUARTILE.INC(_xlfn._xlws.FILTER(Fumosimontana!F$2:F1000, Fumosimontana!F$2:F1000<>""), 2)} -> 0.68 | E30: {=_xlfn.QUARTILE.INC(_xlfn._xlws.FILTER(Fumosimontana!G$2:G1000, Fumosimontana!G$2:G1000<>""), 2)} -> 0.61 | F30: {=_xlfn.QUARTILE.INC(_xlfn._xlws.FILTER(Fumosimontana!H$2:H1000, Fumosimontana!H$2:H1000<>""), 2)} -> 1.59 | G30: {=_xlfn.QUARTILE.INC(_xlfn._xlws.FILTER(Fumosimontana!I$2:I1000, Fumosimontana!I$2:I1000<>""), 2)} -> 4.84 | H30: {=_xlfn.QUARTILE.INC(_xlfn._xlws.FILTER(Fumosimontana!J$2:J1000, Fumosimontana!J$2:J1000<>""), 2)} -> 3.785 | I30: {=_xlfn.QUARTILE.INC(_xlfn._xlws.FILTER(Fumosimontana!K$2:K1000, Fumosimontana!K$2:K1000<>""), 2)} -> 1.255 | J30: {=_xlfn.QUARTILE.INC(_xlfn._xlws.FILTER(Fumosimontana!L$2:L1000, Fumosimontana!L$2:L1000<>""), 2)} -> 0.895 | ... P30: {=_xlfn.QUARTILE.INC(_xlfn._xlws.FILTER(Fumosimontana!R$2:R1000, Fumosimontana!R$2:R1000<>""), 2)} -> 75.648
A31: FUMOSIMONTANA | B31: Q3 | C31: {=_xlfn.QUARTILE.INC(_xlfn._xlws.FILTER(Fumosimontana!E$2:E1000, Fumosimontana!E$2:E1000<>""), 3)} -> 2.235 | D31: {=_xlfn.QUARTILE.INC(_xlfn._xlws.FILTER(Fumosimontana!F$2:F1000, Fumosimontana!F$2:F1000<>""), 3)} -> 0.83 | E31: {=_xlfn.QUARTILE.INC(_xlfn._xlws.FILTER(Fumosimontana!G$2:G1000, Fumosimontana!G$2:G1000<>""), 3)} -> 0.84 | F31: {=_xlfn.QUARTILE.INC(_xlfn._xlws.FILTER(Fumosimontana!H$2:H1000, Fumosimontana!H$2:H1000<>""), 3)} -> 2.88 | G31: {=_xlfn.QUARTILE.INC(_xlfn._xlws.FILTER(Fumosimontana!I$2:I1000, Fumosimontana!I$2:I1000<>""), 3)} -> 6.39 | H31: {=_xlfn.QUARTILE.INC(_xlfn._xlws.FILTER(Fumosimontana!J$2:J1000, Fumosimontana!J$2:J1000<>""), 3)} -> 3.8375 | I31: {=_xlfn.QUARTILE.INC(_xlfn._xlws.FILTER(Fumosimontana!K$2:K1000, Fumosimontana!K$2:K1000<>""), 3)} -> 1.4425 | J31: {=_xlfn.QUARTILE.INC(_xlfn._xlws.FILTER(Fumosimontana!L$2:L1000, Fumosimontana!L$2:L1000<>""), 3)} -> 1.0675 | ... P31: {=_xlfn.QUARTILE.INC(_xlfn._xlws.FILTER(Fumosimontana!R$2:R1000, Fumosimontana!R$2:R1000<>""), 3)} -> 80.122
A32: FUMOSIMONTANA | B32: IQR | C32: {=_xlfn.QUARTILE.INC(_xlfn._xlws.FILTER(Fumosimontana!E$2:E1000, Fumosimontana!E$2:E1000<>""), 3) - _xlfn.QUARTILE.INC(_xlfn._xlws.FILTER(Fumosimontana!E$2:E1000, Fumosimontana!E$2:E1000<>""), 1)} -> 0.8225 | D32: {=_xlfn.QUARTILE.INC(_xlfn._xlws.FILTER(Fumosimontana!F$2:F1000, Fumosimontana!F$2:F1000<>""), 3) - _xlfn.QUARTILE.INC(_xlfn._xlws.FILTER(Fumosimontana!F$2:F1000, Fumosimontana!F$2:F1000<>""), 1)} -> 0.25 | E32: {=_xlfn.QUARTILE.INC(_xlfn._xlws.FILTER(Fumosimontana!G$2:G1000, Fumosimontana!G$2:G1000<>""), 3) - _xlfn.QUARTILE.INC(_xlfn._xlws.FILTER(Fumosimontana!G$2:G1000, Fumosimontana!G$2:G1000<>""), 1)} -> 0.35 | F32: {=_xlfn.QUARTILE.INC(_xlfn._xlws.FILTER(Fumosimontana!H$2:H1000, Fumosimontana!H$2:H1000<>""), 3) - _xlfn.QUARTILE.INC(_xlfn._xlws.FILTER(Fumosimontana!H$2:H1000, Fumosimontana!H$2:H1000<>""), 1)} -> 1.48 | G32: {=_xlfn.QUARTILE.INC(_xlfn._xlws.FILTER(Fumosimontana!I$2:I1000, Fumosimontana!I$2:I1000<>""), 3) - _xlfn.QUARTILE.INC(_xlfn._xlws.FILTER(Fumosimontana!I$2:I1000, Fumosimontana!I$2:I1000<>""), 1)} -> 3.185 | H32: {=_xlfn.QUARTILE.INC(_xlfn._xlws.FILTER(Fumosimontana!J$2:J1000, Fumosimontana!J$2:J1000<>""), 3) - _xlfn.QUARTILE.INC(_xlfn._xlws.FILTER(Fumosimontana!J$2:J1000, Fumosimontana!J$2:J1000<>""), 1)} -> 0.3575 | I32: {=_xlfn.QUARTILE.INC(_xlfn._xlws.FILTER(Fumosimontana!K$2:K1000, Fumosimontana!K$2:K1000<>""), 3) - _xlfn.QUARTILE.INC(_xlfn._xlws.FILTER(Fumosimontana!K$2:K1000, Fumosimontana!K$2:K1000<>""), 1)} -> 0.3425 | J32: {=_xlfn.QUARTILE.INC(_xlfn._xlws.FILTER(Fumosimontana!L$2:L1000, Fumosimontana!L$2:L1000<>""), 3) - _xlfn.QUARTILE.INC(_xlfn._xlws.FILTER(Fumosimontana!L$2:L1000, Fumosimontana!L$2:L1000<>""), 1)} -> 0.29 | ... P32: {=_xlfn.QUARTILE.INC(_xlfn._xlws.FILTER(Fumosimontana!R$2:R1000, Fumosimontana!R$2:R1000<>""), 3) - _xlfn.QUARTILE.INC(_xlfn._xlws.FILTER(Fumosimontana!R$2:R1000, Fumosimontana!R$2:R1000<>""), 1)} -> 8.948
A33: FUMOSIMONTANA | B33: Lower fence | C33: {=_xlfn.QUARTILE.INC(_xlfn._xlws.FILTER(Fumosimontana!E$2:E1000, Fumosimontana!E$2:E1000<>""), 1) - 1.5*(_xlfn.QUARTILE.INC(_xlfn._xlws.FILTER(Fumosimontana!E$2:E1000, Fumosimontana!E$2:E1000<>""), 3) - _xlfn.QUARTILE.INC(_xlfn._xlws.FILTER(Fumosimontana!E$2:E1000, Fumosimontana!E$2:E1000<>""), 1))} -> 0.17875 | D33: {=_xlfn.QUARTILE.INC(_xlfn._xlws.FILTER(Fumosimontana!F$2:F1000, Fumosimontana!F$2:F1000<>""), 1) - 1.5*(_xlfn.QUARTILE.INC(_xlfn._xlws.FILTER(Fumosimontana!F$2:F1000, Fumosimontana!F$2:F1000<>""), 3) - _xlfn.QUARTILE.INC(_xlfn._xlws.FILTER(Fumosimontana!F$2:F1000, Fumosimontana!F$2:F1000<>""), 1))} -> 0.205 | E33: {=_xlfn.QUARTILE.INC(_xlfn._xlws.FILTER(Fumosimontana!G$2:G1000, Fumosimontana!G$2:G1000<>""), 1) - 1.5*(_xlfn.QUARTILE.INC(_xlfn._xlws.FILTER(Fumosimontana!G$2:G1000, Fumosimontana!G$2:G1000<>""), 3) - _xlfn.QUARTILE.INC(_xlfn._xlws.FILTER(Fumosimontana!G$2:G1000, Fumosimontana!G$2:G1000<>""), 1))} -> -0.035 | F33: {=_xlfn.QUARTILE.INC(_xlfn._xlws.FILTER(Fumosimontana!H$2:H1000, Fumosimontana!H$2:H1000<>""), 1) - 1.5*(_xlfn.QUARTILE.INC(_xlfn._xlws.FILTER(Fumosimontana!H$2:H1000, Fumosimontana!H$2:H1000<>""), 3) - _xlfn.QUARTILE.INC(_xlfn._xlws.FILTER(Fumosimontana!H$2:H1000, Fumosimontana!H$2:H1000<>""), 1))} -> -0.82 | G33: {=_xlfn.QUARTILE.INC(_xlfn._xlws.FILTER(Fumosimontana!I$2:I1000, Fumosimontana!I$2:I1000<>""), 1) - 1.5*(_xlfn.QUARTILE.INC(_xlfn._xlws.FILTER(Fumosimontana!I$2:I1000, Fumosimontana!I$2:I1000<>""), 3) - _xlfn.QUARTILE.INC(_xlfn._xlws.FILTER(Fumosimontana!I$2:I1000, Fumosimontana!I$2:I1000<>""), 1))} -> -1.5725 | H33: {=_xlfn.QUARTILE.INC(_xlfn._xlws.FILTER(Fumosimontana!J$2:J1000, Fumosimontana!J$2:J1000<>""), 1) - 1.5*(_xlfn.QUARTILE.INC(_xlfn._xlws.FILTER(Fumosimontana!J$2:J1000, Fumosimontana!J$2:J1000<>""), 3) - _xlfn.QUARTILE.INC(_xlfn._xlws.FILTER(Fumosimontana!J$2:J1000, Fumosimontana!J$2:J1000<>""), 1))} -> 2.94375 | I33: {=_xlfn.QUARTILE.INC(_xlfn._xlws.FILTER(Fumosimontana!K$2:K1000, Fumosimontana!K$2:K1000<>""), 1) - 1.5*(_xlfn.QUARTILE.INC(_xlfn._xlws.FILTER(Fumosimontana!K$2:K1000, Fumosimontana!K$2:K1000<>""), 3) - _xlfn.QUARTILE.INC(_xlfn._xlws.FILTER(Fumosimontana!K$2:K1000, Fumosimontana!K$2:K1000<>""), 1))} -> 0.58625 | J33: {=_xlfn.QUARTILE.INC(_xlfn._xlws.FILTER(Fumosimontana!L$2:L1000, Fumosimontana!L$2:L1000<>""), 1) - 1.5*(_xlfn.QUARTILE.INC(_xlfn._xlws.FILTER(Fumosimontana!L$2:L1000, Fumosimontana!L$2:L1000<>""), 3) - _xlfn.QUARTILE.INC(_xlfn._xlws.FILTER(Fumosimontana!L$2:L1000, Fumosimontana!L$2:L1000<>""), 1))} -> 0.3425 | ... P33: {=_xlfn.QUARTILE.INC(_xlfn._xlws.FILTER(Fumosimontana!R$2:R1000, Fumosimontana!R$2:R1000<>""), 1) - 1.5*(_xlfn.QUARTILE.INC(_xlfn._xlws.FILTER(Fumosimontana!R$2:R1000, Fumosimontana!R$2:R1000<>""), 3) - _xlfn.QUARTILE.INC(_xlfn._xlws.FILTER(Fumosimontana!R$2:R1000, Fumosimontana!R$2:R1000<>""), 1))} -> 57.752
A34: FUMOSIMONTANA | B34: Upper fence | C34: {=_xlfn.QUARTILE.INC(_xlfn._xlws.FILTER(Fumosimontana!E$2:E1000, Fumosimontana!E$2:E1000<>""), 3) + 1.5*(_xlfn.QUARTILE.INC(_xlfn._xlws.FILTER(Fumosimontana!E$2:E1000, Fumosimontana!E$2:E1000<>""), 3) - _xlfn.QUARTILE.INC(_xlfn._xlws.FILTER(Fumosimontana!E$2:E1000, Fumosimontana!E$2:E1000<>""), 1))} -> 3.46875 | D34: {=_xlfn.QUARTILE.INC(_xlfn._xlws.FILTER(Fumosimontana!F$2:F1000, Fumosimontana!F$2:F1000<>""), 3) + 1.5*(_xlfn.QUARTILE.INC(_xlfn._xlws.FILTER(Fumosimontana!F$2:F1000, Fumosimontana!F$2:F1000<>""), 3) - _xlfn.QUARTILE.INC(_xlfn._xlws.FILTER(Fumosimontana!F$2:F1000, Fumosimontana!F$2:F1000<>""), 1))} -> 1.205 | E34: {=_xlfn.QUARTILE.INC(_xlfn._xlws.FILTER(Fumosimontana!G$2:G1000, Fumosimontana!G$2:G1000<>""), 3) + 1.5*(_xlfn.QUARTILE.INC(_xlfn._xlws.FILTER(Fumosimontana!G$2:G1000, Fumosimontana!G$2:G1000<>""), 3) - _xlfn.QUARTILE.INC(_xlfn._xlws.FILTER(Fumosimontana!G$2:G1000, Fumosimontana!G$2:G1000<>""), 1))} -> 1.365 | F34: {=_xlfn.QUARTILE.INC(_xlfn._xlws.FILTER(Fumosimontana!H$2:H1000, Fumosimontana!H$2:H1000<>""), 3) + 1.5*(_xlfn.QUARTILE.INC(_xlfn._xlws.FILTER(Fumosimontana!H$2:H1000, Fumosimontana!H$2:H1000<>""), 3) - _xlfn.QUARTILE.INC(_xlfn._xlws.FILTER(Fumosimontana!H$2:H1000, Fumosimontana!H$2:H1000<>""), 1))} -> 5.1 | G34: {=_xlfn.QUARTILE.INC(_xlfn._xlws.FILTER(Fumosimontana!I$2:I1000, Fumosimontana!I$2:I1000<>""), 3) + 1.5*(_xlfn.QUARTILE.INC(_xlfn._xlws.FILTER(Fumosimontana!I$2:I1000, Fumosimontana!I$2:I1000<>""), 3) - _xlfn.QUARTILE.INC(_xlfn._xlws.FILTER(Fumosimontana!I$2:I1000, Fumosimontana!I$2:I1000<>""), 1))} -> 11.1675 | H34: {=_xlfn.QUARTILE.INC(_xlfn._xlws.FILTER(Fumosimontana!J$2:J1000, Fumosimontana!J$2:J1000<>""), 3) + 1.5*(_xlfn.QUARTILE.INC(_xlfn._xlws.FILTER(Fumosimontana!J$2:J1000, Fumosimontana!J$2:J1000<>""), 3) - _xlfn.QUARTILE.INC(_xlfn._xlws.FILTER(Fumosimontana!J$2:J1000, Fumosimontana!J$2:J1000<>""), 1))} -> 4.37375 | I34: {=_xlfn.QUARTILE.INC(_xlfn._xlws.FILTER(Fumosimontana!K$2:K1000, Fumosimontana!K$2:K1000<>""), 3) + 1.5*(_xlfn.QUARTILE.INC(_xlfn._xlws.FILTER(Fumosimontana!K$2:K1000, Fumosimontana!K$2:K1000<>""), 3) - _xlfn.QUARTILE.INC(_xlfn._xlws.FILTER(Fumosimontana!K$2:K1000, Fumosimontana!K$2:K1000<>""), 1))} -> 1.95625 | J34: {=_xlfn.QUARTILE.INC(_xlfn._xlws.FILTER(Fumosimontana!L$2:L1000, Fumosimontana!L$2:L1000<>""), 3) + 1.5*(_xlfn.QUARTILE.INC(_xlfn._xlws.FILTER(Fumosimontana!L$2:L1000, Fumosimontana!L$2:L1000<>""), 3) - _xlfn.QUARTILE.INC(_xlfn._xlws.FILTER(Fumosimontana!L$2:L1000, Fumosimontana!L$2:L1000<>""), 1))} -> 1.5025 | ... P34: {=_xlfn.QUARTILE.INC(_xlfn._xlws.FILTER(Fumosimontana!R$2:R1000, Fumosimontana!R$2:R1000<>""), 3) + 1.5*(_xlfn.QUARTILE.INC(_xlfn._xlws.FILTER(Fumosimontana!R$2:R1000, Fumosimontana!R$2:R1000<>""), 3) - _xlfn.QUARTILE.INC(_xlfn._xlws.FILTER(Fumosimontana!R$2:R1000, Fumosimontana!R$2:R1000<>""), 1))} -> 93.544
A35: FUMOSIMONTANA | B35: Absolute min | C35: {=MIN(_xlfn._xlws.FILTER(Fumosimontana!E$2:E1000, Fumosimontana!E$2:E1000<>""))} -> 0.98 | D35: {=MIN(_xlfn._xlws.FILTER(Fumosimontana!F$2:F1000, Fumosimontana!F$2:F1000<>""))} -> 0.41 | E35: {=MIN(_xlfn._xlws.FILTER(Fumosimontana!G$2:G1000, Fumosimontana!G$2:G1000<>""))} -> 0.4 | F35: {=MIN(_xlfn._xlws.FILTER(Fumosimontana!H$2:H1000, Fumosimontana!H$2:H1000<>""))} -> 0.88 | G35: {=MIN(_xlfn._xlws.FILTER(Fumosimontana!I$2:I1000, Fumosimontana!I$2:I1000<>""))} -> 2.52 | H35: {=MIN(_xlfn._xlws.FILTER(Fumosimontana!J$2:J1000, Fumosimontana!J$2:J1000<>""))} -> 2.67 | I35: {=MIN(_xlfn._xlws.FILTER(Fumosimontana!K$2:K1000, Fumosimontana!K$2:K1000<>""))} -> 0.76 | J35: {=MIN(_xlfn._xlws.FILTER(Fumosimontana!L$2:L1000, Fumosimontana!L$2:L1000<>""))} -> 0.51 | ... P35: {=MIN(_xlfn._xlws.FILTER(Fumosimontana!R$2:R1000, Fumosimontana!R$2:R1000<>""))} -> 66.7
A36: FUMOSIMONTANA | B36: Absolute max | C36: {=MAX(_xlfn._xlws.FILTER(Fumosimontana!E$2:E1000, Fumosimontana!E$2:E1000<>""))} -> 2.76 | D36: {=MAX(_xlfn._xlws.FILTER(Fumosimontana!F$2:F1000, Fumosimontana!F$2:F1000<>""))} -> 1.04 | E36: {=MAX(_xlfn._xlws.FILTER(Fumosimontana!G$2:G1000, Fumosimontana!G$2:G1000<>""))} -> 1.28 | F36: {=MAX(_xlfn._xlws.FILTER(Fumosimontana!H$2:H1000, Fumosimontana!H$2:H1000<>""))} -> 3.73 | G36: {=MAX(_xlfn._xlws.FILTER(Fumosimontana!I$2:I1000, Fumosimontana!I$2:I1000<>""))} -> 6.66 | H36: {=MAX(_xlfn._xlws.FILTER(Fumosimontana!J$2:J1000, Fumosimontana!J$2:J1000<>""))} -> 3.91 | I36: {=MAX(_xlfn._xlws.FILTER(Fumosimontana!K$2:K1000, Fumosimontana!K$2:K1000<>""))} -> 1.75 | J36: {=MAX(_xlfn._xlws.FILTER(Fumosimontana!L$2:L1000, Fumosimontana!L$2:L1000<>""))} -> 1.35 | ... P36: {=MAX(_xlfn._xlws.FILTER(Fumosimontana!R$2:R1000, Fumosimontana!R$2:R1000<>""))} -> 84.596
A37: FUMOSIMONTANA | B37: Full (absolute min) min–max (absolute max) mm | C37: ="(" & IF(MIN(Fumosimontana!E$2:E$1000)<_xlfn.QUARTILE.INC(Fumosimontana!E$2:E$1000,1)-1.5*(_xlfn.QUARTILE.INC(Fumosimontana!E$2:E$1000,3)-_xlfn.QUARTILE.INC(Fumosimontana!E$2:E$1000,1)),MIN(Fumosimontana!E$2:E$1000),"") & ") " & _xlfn.MINIFS(Fumosimontana!E$2:E$1000, Fumosimontana!E$2:E$1000, ">=" & _xlfn.QUARTILE.INC(Fumosimontana!E$2:E$1000,1)-1.5*(_xlfn.QUARTILE.INC(Fumosimontana!E$2:E$1000,3)-_xlfn.QUARTILE.INC(Fumosimontana!E$2:E$1000,1)), Fumosimontana!E$2:E$1000, "<=" & _xlfn.QUARTILE.INC(Fumosimontana!E$2:E$1000,3)+1.5*(_xlfn.QUARTILE.INC(Fumosimontana!E$2:E$1000,3)-_xlfn.QUARTILE.INC(Fumosimontana!E$2:E$1000,1))) & "–" & _xlfn.MAXIFS(Fumosimontana!E$2:E$1000, Fumosimontana!E$2:E$1000, ">=" & _xlfn.QUARTILE.INC(Fumosimontana!E$2:E$1000,1)-1.5*(_xlfn.QUARTILE.INC(Fumosimontana!E$2:E$1000,3)-_xlfn.QUARTILE.INC(Fumosimontana!E$2:E$1000,1)), Fumosimontana!E$2:E$1000, "<=" & _xlfn.QUARTILE.INC(Fumosimontana!E$2:E$1000,3)+1.5*(_xlfn.QUARTILE.INC(Fumosimontana!E$2:E$1000,3)-_xlfn.QUARTILE.INC(Fumosimontana!E$2:E$1000,1))) & " (" & IF(MAX(Fumosimontana!E$2:E$1000)>_xlfn.QUARTILE.INC(Fumosimontana!E$2:E$1000,3)+1.5*(_xlfn.QUARTILE.INC(Fumosimontana!E$2:E$1000,3)-_xlfn.QUARTILE.INC(Fumosimontana!E$2:E$1000,1)),MAX(Fumosimontana!E$2:E$1000),"") & ") mm" -> () 0.98–2.76 () mm | D37: ="(" & IF(MIN(Fumosimontana!F$2:F$1000)<_xlfn.QUARTILE.INC(Fumosimontana!F$2:F$1000,1)-1.5*(_xlfn.QUARTILE.INC(Fumosimontana!F$2:F$1000,3)-_xlfn.QUARTILE.INC(Fumosimontana!F$2:F$1000,1)),MIN(Fumosimontana!F$2:F$1000),"") & ") " & _xlfn.MINIFS(Fumosimontana!F$2:F$1000, Fumosimontana!F$2:F$1000, ">=" & _xlfn.QUARTILE.INC(Fumosimontana!F$2:F$1000,1)-1.5*(_xlfn.QUARTILE.INC(Fumosimontana!F$2:F$1000,3)-_xlfn.QUARTILE.INC(Fumosimontana!F$2:F$1000,1)), Fumosimontana!F$2:F$1000, "<=" & _xlfn.QUARTILE.INC(Fumosimontana!F$2:F$1000,3)+1.5*(_xlfn.QUARTILE.INC(Fumosimontana!F$2:F$1000,3)-_xlfn.QUARTILE.INC(Fumosimontana!F$2:F$1000,1))) & "–" & _xlfn.MAXIFS(Fumosimontana!F$2:F$1000, Fumosimontana!F$2:F$1000, ">=" & _xlfn.QUARTILE.INC(Fumosimontana!F$2:F$1000,1)-1.5*(_xlfn.QUARTILE.INC(Fumosimontana!F$2:F$1000,3)-_xlfn.QUARTILE.INC(Fumosimontana!F$2:F$1000,1)), Fumosimontana!F$2:F$1000, "<=" & _xlfn.QUARTILE.INC(Fumosimontana!F$2:F$1000,3)+1.5*(_xlfn.QUARTILE.INC(Fumosimontana!F$2:F$1000,3)-_xlfn.QUARTILE.INC(Fumosimontana!F$2:F$1000,1))) & " (" & IF(MAX(Fumosimontana!F$2:F$1000)>_xlfn.QUARTILE.INC(Fumosimontana!F$2:F$1000,3)+1.5*(_xlfn.QUARTILE.INC(Fumosimontana!F$2:F$1000,3)-_xlfn.QUARTILE.INC(Fumosimontana!F$2:F$1000,1)),MAX(Fumosimontana!F$2:F$1000),"") & ") mm" -> () 0.41–1.04 () mm | E37: ="(" & IF(MIN(Fumosimontana!G$2:G$1000)<_xlfn.QUARTILE.INC(Fumosimontana!G$2:G$1000,1)-1.5*(_xlfn.QUARTILE.INC(Fumosimontana!G$2:G$1000,3)-_xlfn.QUARTILE.INC(Fumosimontana!G$2:G$1000,1)),MIN(Fumosimontana!G$2:G$1000),"") & ") " & _xlfn.MINIFS(Fumosimontana!G$2:G$1000, Fumosimontana!G$2:G$1000, ">=" & _xlfn.QUARTILE.INC(Fumosimontana!G$2:G$1000,1)-1.5*(_xlfn.QUARTILE.INC(Fumosimontana!G$2:G$1000,3)-_xlfn.QUARTILE.INC(Fumosimontana!G$2:G$1000,1)), Fumosimontana!G$2:G$1000, "<=" & _xlfn.QUARTILE.INC(Fumosimontana!G$2:G$1000,3)+1.5*(_xlfn.QUARTILE.INC(Fumosimontana!G$2:G$1000,3)-_xlfn.QUARTILE.INC(Fumosimontana!G$2:G$1000,1))) & "–" & _xlfn.MAXIFS(Fumosimontana!G$2:G$1000, Fumosimontana!G$2:G$1000, ">=" & _xlfn.QUARTILE.INC(Fumosimontana!G$2:G$1000,1)-1.5*(_xlfn.QUARTILE.INC(Fumosimontana!G$2:G$1000,3)-_xlfn.QUARTILE.INC(Fumosimontana!G$2:G$1000,1)), Fumosimontana!G$2:G$1000, "<=" & _xlfn.QUARTILE.INC(Fumosimontana!G$2:G$1000,3)+1.5*(_xlfn.QUARTILE.INC(Fumosimontana!G$2:G$1000,3)-_xlfn.QUARTILE.INC(Fumosimontana!G$2:G$1000,1))) & " (" & IF(MAX(Fumosimontana!G$2:G$1000)>_xlfn.QUARTILE.INC(Fumosimontana!G$2:G$1000,3)+1.5*(_xlfn.QUARTILE.INC(Fumosimontana!G$2:G$1000,3)-_xlfn.QUARTILE.INC(Fumosimontana!G$2:G$1000,1)),MAX(Fumosimontana!G$2:G$1000),"") & ") mm" -> () 0.4–1.28 () mm | F37: ="(" & IF(MIN(Fumosimontana!H$2:H$1000)<_xlfn.QUARTILE.INC(Fumosimontana!H$2:H$1000,1)-1.5*(_xlfn.QUARTILE.INC(Fumosimontana!H$2:H$1000,3)-_xlfn.QUARTILE.INC(Fumosimontana!H$2:H$1000,1)),MIN(Fumosimontana!H$2:H$1000),"") & ") " & _xlfn.MINIFS(Fumosimontana!H$2:H$1000, Fumosimontana!H$2:H$1000, ">=" & _xlfn.QUARTILE.INC(Fumosimontana!H$2:H$1000,1)-1.5*(_xlfn.QUARTILE.INC(Fumosimontana!H$2:H$1000,3)-_xlfn.QUARTILE.INC(Fumosimontana!H$2:H$1000,1)), Fumosimontana!H$2:H$1000, "<=" & _xlfn.QUARTILE.INC(Fumosimontana!H$2:H$1000,3)+1.5*(_xlfn.QUARTILE.INC(Fumosimontana!H$2:H$1000,3)-_xlfn.QUARTILE.INC(Fumosimontana!H$2:H$1000,1))) & "–" & _xlfn.MAXIFS(Fumosimontana!H$2:H$1000, Fumosimontana!H$2:H$1000, ">=" & _xlfn.QUARTILE.INC(Fumosimontana!H$2:H$1000,1)-1.5*(_xlfn.QUARTILE.INC(Fumosimontana!H$2:H$1000,3)-_xlfn.QUARTILE.INC(Fumosimontana!H$2:H$1000,1)), Fumosimontana!H$2:H$1000, "<=" & _xlfn.QUARTILE.INC(Fumosimontana!H$2:H$1000,3)+1.5*(_xlfn.QUARTILE.INC(Fumosimontana!H$2:H$1000,3)-_xlfn.QUARTILE.INC(Fumosimontana!H$2:H$1000,1))) & " (" & IF(MAX(Fumosimontana!H$2:H$1000)>_xlfn.QUARTILE.INC(Fumosimontana!H$2:H$1000,3)+1.5*(_xlfn.QUARTILE.INC(Fumosimontana!H$2:H$1000,3)-_xlfn.QUARTILE.INC(Fumosimontana!H$2:H$1000,1)),MAX(Fumosimontana!H$2:H$1000),"") & ") mm" -> () 0.88–3.73 () mm | G37: ="(" & IF(MIN(Fumosimontana!I$2:I$1000)<_xlfn.QUARTILE.INC(Fumosimontana!I$2:I$1000,1)-1.5*(_xlfn.QUARTILE.INC(Fumosimontana!I$2:I$1000,3)-_xlfn.QUARTILE.INC(Fumosimontana!I$2:I$1000,1)),MIN(Fumosimontana!I$2:I$1000),"") & ") " & _xlfn.MINIFS(Fumosimontana!I$2:I$1000, Fumosimontana!I$2:I$1000, ">=" & _xlfn.QUARTILE.INC(Fumosimontana!I$2:I$1000,1)-1.5*(_xlfn.QUARTILE.INC(Fumosimontana!I$2:I$1000,3)-_xlfn.QUARTILE.INC(Fumosimontana!I$2:I$1000,1)), Fumosimontana!I$2:I$1000, "<=" & _xlfn.QUARTILE.INC(Fumosimontana!I$2:I$1000,3)+1.5*(_xlfn.QUARTILE.INC(Fumosimontana!I$2:I$1000,3)-_xlfn.QUARTILE.INC(Fumosimontana!I$2:I$1000,1))) & "–" & _xlfn.MAXIFS(Fumosimontana!I$2:I$1000, Fumosimontana!I$2:I$1000, ">=" & _xlfn.QUARTILE.INC(Fumosimontana!I$2:I$1000,1)-1.5*(_xlfn.QUARTILE.INC(Fumosimontana!I$2:I$1000,3)-_xlfn.QUARTILE.INC(Fumosimontana!I$2:I$1000,1)), Fumosimontana!I$2:I$1000, "<=" & _xlfn.QUARTILE.INC(Fumosimontana!I$2:I$1000,3)+1.5*(_xlfn.QUARTILE.INC(Fumosimontana!I$2:I$1000,3)-_xlfn.QUARTILE.INC(Fumosimontana!I$2:I$1000,1))) & " (" & IF(MAX(Fumosimontana!I$2:I$1000)>_xlfn.QUARTILE.INC(Fumosimontana!I$2:I$1000,3)+1.5*(_xlfn.QUARTILE.INC(Fumosimontana!I$2:I$1000,3)-_xlfn.QUARTILE.INC(Fumosimontana!I$2:I$1000,1)),MAX(Fumosimontana!I$2:I$1000),"") & ") mm" -> () 2.52–6.66 () mm | H37: ="(" & IF(MIN(Fumosimontana!J$2:J$1000)<_xlfn.QUARTILE.INC(Fumosimontana!J$2:J$1000,1)-1.5*(_xlfn.QUARTILE.INC(Fumosimontana!J$2:J$1000,3)-_xlfn.QUARTILE.INC(Fumosimontana!J$2:J$1000,1)),MIN(Fumosimontana!J$2:J$1000),"") & ") " & _xlfn.MINIFS(Fumosimontana!J$2:J$1000, Fumosimontana!J$2:J$1000, ">=" & _xlfn.QUARTILE.INC(Fumosimontana!J$2:J$1000,1)-1.5*(_xlfn.QUARTILE.INC(Fumosimontana!J$2:J$1000,3)-_xlfn.QUARTILE.INC(Fumosimontana!J$2:J$1000,1)), Fumosimontana!J$2:J$1000, "<=" & _xlfn.QUARTILE.INC(Fumosimontana!J$2:J$1000,3)+1.5*(_xlfn.QUARTILE.INC(Fumosimontana!J$2:J$1000,3)-_xlfn.QUARTILE.INC(Fumosimontana!J$2:J$1000,1))) & "–" & _xlfn.MAXIFS(Fumosimontana!J$2:J$1000, Fumosimontana!J$2:J$1000, ">=" & _xlfn.QUARTILE.INC(Fumosimontana!J$2:J$1000,1)-1.5*(_xlfn.QUARTILE.INC(Fumosimontana!J$2:J$1000,3)-_xlfn.QUARTILE.INC(Fumosimontana!J$2:J$1000,1)), Fumosimontana!J$2:J$1000, "<=" & _xlfn.QUARTILE.INC(Fumosimontana!J$2:J$1000,3)+1.5*(_xlfn.QUARTILE.INC(Fumosimontana!J$2:J$1000,3)-_xlfn.QUARTILE.INC(Fumosimontana!J$2:J$1000,1))) & " (" & IF(MAX(Fumosimontana!J$2:J$1000)>_xlfn.QUARTILE.INC(Fumosimontana!J$2:J$1000,3)+1.5*(_xlfn.QUARTILE.INC(Fumosimontana!J$2:J$1000,3)-_xlfn.QUARTILE.INC(Fumosimontana!J$2:J$1000,1)),MAX(Fumosimontana!J$2:J$1000),"") & ") mm" -> (2.67) 3.32–3.91 () mm | I37: ="(" & IF(MIN(Fumosimontana!K$2:K$1000)<_xlfn.QUARTILE.INC(Fumosimontana!K$2:K$1000,1)-1.5*(_xlfn.QUARTILE.INC(Fumosimontana!K$2:K$1000,3)-_xlfn.QUARTILE.INC(Fumosimontana!K$2:K$1000,1)),MIN(Fumosimontana!K$2:K$1000),"") & ") " & _xlfn.MINIFS(Fumosimontana!K$2:K$1000, Fumosimontana!K$2:K$1000, ">=" & _xlfn.QUARTILE.INC(Fumosimontana!K$2:K$1000,1)-1.5*(_xlfn.QUARTILE.INC(Fumosimontana!K$2:K$1000,3)-_xlfn.QUARTILE.INC(Fumosimontana!K$2:K$1000,1)), Fumosimontana!K$2:K$1000, "<=" & _xlfn.QUARTILE.INC(Fumosimontana!K$2:K$1000,3)+1.5*(_xlfn.QUARTILE.INC(Fumosimontana!K$2:K$1000,3)-_xlfn.QUARTILE.INC(Fumosimontana!K$2:K$1000,1))) & "–" & _xlfn.MAXIFS(Fumosimontana!K$2:K$1000, Fumosimontana!K$2:K$1000, ">=" & _xlfn.QUARTILE.INC(Fumosimontana!K$2:K$1000,1)-1.5*(_xlfn.QUARTILE.INC(Fumosimontana!K$2:K$1000,3)-_xlfn.QUARTILE.INC(Fumosimontana!K$2:K$1000,1)), Fumosimontana!K$2:K$1000, "<=" & _xlfn.QUARTILE.INC(Fumosimontana!K$2:K$1000,3)+1.5*(_xlfn.QUARTILE.INC(Fumosimontana!K$2:K$1000,3)-_xlfn.QUARTILE.INC(Fumosimontana!K$2:K$1000,1))) & " (" & IF(MAX(Fumosimontana!K$2:K$1000)>_xlfn.QUARTILE.INC(Fumosimontana!K$2:K$1000,3)+1.5*(_xlfn.QUARTILE.INC(Fumosimontana!K$2:K$1000,3)-_xlfn.QUARTILE.INC(Fumosimontana!K$2:K$1000,1)),MAX(Fumosimontana!K$2:K$1000),"") & ") mm" -> () 0.76–1.75 () mm | J37: ="(" & IF(MIN(Fumosimontana!L$2:L$1000)<_xlfn.QUARTILE.INC(Fumosimontana!L$2:L$1000,1)-1.5*(_xlfn.QUARTILE.INC(Fumosimontana!L$2:L$1000,3)-_xlfn.QUARTILE.INC(Fumosimontana!L$2:L$1000,1)),MIN(Fumosimontana!L$2:L$1000),"") & ") " & _xlfn.MINIFS(Fumosimontana!L$2:L$1000, Fumosimontana!L$2:L$1000, ">=" & _xlfn.QUARTILE.INC(Fumosimontana!L$2:L$1000,1)-1.5*(_xlfn.QUARTILE.INC(Fumosimontana!L$2:L$1000,3)-_xlfn.QUARTILE.INC(Fumosimontana!L$2:L$1000,1)), Fumosimontana!L$2:L$1000, "<=" & _xlfn.QUARTILE.INC(Fumosimontana!L$2:L$1000,3)+1.5*(_xlfn.QUARTILE.INC(Fumosimontana!L$2:L$1000,3)-_xlfn.QUARTILE.INC(Fumosimontana!L$2:L$1000,1))) & "–" & _xlfn.MAXIFS(Fumosimontana!L$2:L$1000, Fumosimontana!L$2:L$1000, ">=" & _xlfn.QUARTILE.INC(Fumosimontana!L$2:L$1000,1)-1.5*(_xlfn.QUARTILE.INC(Fumosimontana!L$2:L$1000,3)-_xlfn.QUARTILE.INC(Fumosimontana!L$2:L$1000,1)), Fumosimontana!L$2:L$1000, "<=" & _xlfn.QUARTILE.INC(Fumosimontana!L$2:L$1000,3)+1.5*(_xlfn.QUARTILE.INC(Fumosimontana!L$2:L$1000,3)-_xlfn.QUARTILE.INC(Fumosimontana!L$2:L$1000,1))) & " (" & IF(MAX(Fumosimontana!L$2:L$1000)>_xlfn.QUARTILE.INC(Fumosimontana!L$2:L$1000,3)+1.5*(_xlfn.QUARTILE.INC(Fumosimontana!L$2:L$1000,3)-_xlfn.QUARTILE.INC(Fumosimontana!L$2:L$1000,1)),MAX(Fumosimontana!L$2:L$1000),"") & ") mm" -> () 0.51–1.35 () mm | ... Y37: ="(" & IF(MIN(Fumosimontana!AA$2:AA$1000)<_xlfn.QUARTILE.INC(Fumosimontana!AA$2:AA$1000,1)-1.5*(_xlfn.QUARTILE.INC(Fumosimontana!AA$2:AA$1000,3)-_xlfn.QUARTILE.INC(Fumosimontana!AA$2:AA$1000,1)),MIN(Fumosimontana!AA$2:AA$1000),"") & ") " & _xlfn.MINIFS(Fumosimontana!AA$2:AA$1000, Fumosimontana!AA$2:AA$1000, ">=" & _xlfn.QUARTILE.INC(Fumosimontana!AA$2:AA$1000,1)-1.5*(_xlfn.QUARTILE.INC(Fumosimontana!AA$2:AA$1000,3)-_xlfn.QUARTILE.INC(Fumosimontana!AA$2:AA$1000,1)), Fumosimontana!AA$2:AA$1000, "<=" & _xlfn.QUARTILE.INC(Fumosimontana!AA$2:AA$1000,3)+1.5*(_xlfn.QUARTILE.INC(Fumosimontana!AA$2:AA$1000,3)-_xlfn.QUARTILE.INC(Fumosimontana!AA$2:AA$1000,1))) & "–" & _xlfn.MAXIFS(Fumosimontana!AA$2:AA$1000, Fumosimontana!AA$2:AA$1000, ">=" & _xlfn.QUARTILE.INC(Fumosimontana!AA$2:AA$1000,1)-1.5*(_xlfn.QUARTILE.INC(Fumosimontana!AA$2:AA$1000,3)-_xlfn.QUARTILE.INC(Fumosimontana!AA$2:AA$1000,1)), Fumosimontana!AA$2:AA$1000, "<=" & _xlfn.QUARTILE.INC(Fumosimontana!AA$2:AA$1000,3)+1.5*(_xlfn.QUARTILE.INC(Fumosimontana!AA$2:AA$1000,3)-_xlfn.QUARTILE.INC(Fumosimontana!AA$2:AA$1000,1))) & " (" & IF(MAX(Fumosimontana!AA$2:AA$1000)>_xlfn.QUARTILE.INC(Fumosimontana!AA$2:AA$1000,3)+1.5*(_xlfn.QUARTILE.INC(Fumosimontana!AA$2:AA$1000,3)-_xlfn.QUARTILE.INC(Fumosimontana!AA$2:AA$1000,1)),MAX(Fumosimontana!AA$2:AA$1000),"") & ") mm" -> () 1.771–3.88 () mm
A38: GRAYANA | B38: Q1 | C38: {=_xlfn.QUARTILE.INC(_xlfn._xlws.FILTER(Grayana!E$2:E1000, Grayana!E$2:E1000<>""), 1)} -> 1.2115 | D38: {=_xlfn.QUARTILE.INC(_xlfn._xlws.FILTER(Grayana!F$2:F1000, Grayana!F$2:F1000<>""), 1)} -> 0.6945 | E38: {=_xlfn.QUARTILE.INC(_xlfn._xlws.FILTER(Grayana!G$2:G1000, Grayana!G$2:G1000<>""), 1)} -> 0 | F38: {=_xlfn.QUARTILE.INC(_xlfn._xlws.FILTER(Grayana!H$2:H1000, Grayana!H$2:H1000<>""), 1)} -> 3.968 | G38: {=_xlfn.QUARTILE.INC(_xlfn._xlws.FILTER(Grayana!I$2:I1000, Grayana!I$2:I1000<>""), 1)} -> 1.655 | H38: {=_xlfn.QUARTILE.INC(_xlfn._xlws.FILTER(Grayana!J$2:J1000, Grayana!J$2:J1000<>""), 1)} -> 5.16725 | I38: {=_xlfn.QUARTILE.INC(_xlfn._xlws.FILTER(Grayana!K$2:K1000, Grayana!K$2:K1000<>""), 1)} -> 2.083 | J38: {=_xlfn.QUARTILE.INC(_xlfn._xlws.FILTER(Grayana!L$2:L1000, Grayana!L$2:L1000<>""), 1)} -> 1.193 | ... P38: {=_xlfn.QUARTILE.INC(_xlfn._xlws.FILTER(Grayana!R$2:R1000, Grayana!R$2:R1000<>""), 1)} -> 519.058
A39: GRAYANA | B39: Q2 (median) | C39: {=_xlfn.QUARTILE.INC(_xlfn._xlws.FILTER(Grayana!E$2:E1000, Grayana!E$2:E1000<>""), 2)} -> 1.427 | D39: {=_xlfn.QUARTILE.INC(_xlfn._xlws.FILTER(Grayana!F$2:F1000, Grayana!F$2:F1000<>""), 2)} -> 0.767 | E39: {=_xlfn.QUARTILE.INC(_xlfn._xlws.FILTER(Grayana!G$2:G1000, Grayana!G$2:G1000<>""), 2)} -> 0 | F39: {=_xlfn.QUARTILE.INC(_xlfn._xlws.FILTER(Grayana!H$2:H1000, Grayana!H$2:H1000<>""), 2)} -> 4.726 | G39: {=_xlfn.QUARTILE.INC(_xlfn._xlws.FILTER(Grayana!I$2:I1000, Grayana!I$2:I1000<>""), 2)} -> 2.287 | H39: {=_xlfn.QUARTILE.INC(_xlfn._xlws.FILTER(Grayana!J$2:J1000, Grayana!J$2:J1000<>""), 2)} -> 6.208 | I39: {=_xlfn.QUARTILE.INC(_xlfn._xlws.FILTER(Grayana!K$2:K1000, Grayana!K$2:K1000<>""), 2)} -> 2.699 | J39: {=_xlfn.QUARTILE.INC(_xlfn._xlws.FILTER(Grayana!L$2:L1000, Grayana!L$2:L1000<>""), 2)} -> 1.865 | ... P39: {=_xlfn.QUARTILE.INC(_xlfn._xlws.FILTER(Grayana!R$2:R1000, Grayana!R$2:R1000<>""), 2)} -> 657.426
A40: GRAYANA | B40: Q3 | C40: {=_xlfn.QUARTILE.INC(_xlfn._xlws.FILTER(Grayana!E$2:E1000, Grayana!E$2:E1000<>""), 3)} -> 1.651 | D40: {=_xlfn.QUARTILE.INC(_xlfn._xlws.FILTER(Grayana!F$2:F1000, Grayana!F$2:F1000<>""), 3)} -> 0.9065 | E40: {=_xlfn.QUARTILE.INC(_xlfn._xlws.FILTER(Grayana!G$2:G1000, Grayana!G$2:G1000<>""), 3)} -> 0 | F40: {=_xlfn.QUARTILE.INC(_xlfn._xlws.FILTER(Grayana!H$2:H1000, Grayana!H$2:H1000<>""), 3)} -> 6.1715 | G40: {=_xlfn.QUARTILE.INC(_xlfn._xlws.FILTER(Grayana!I$2:I1000, Grayana!I$2:I1000<>""), 3)} -> 2.7015 | H40: {=_xlfn.QUARTILE.INC(_xlfn._xlws.FILTER(Grayana!J$2:J1000, Grayana!J$2:J1000<>""), 3)} -> 7.279 | I40: {=_xlfn.QUARTILE.INC(_xlfn._xlws.FILTER(Grayana!K$2:K1000, Grayana!K$2:K1000<>""), 3)} -> 3.523 | J40: {=_xlfn.QUARTILE.INC(_xlfn._xlws.FILTER(Grayana!L$2:L1000, Grayana!L$2:L1000<>""), 3)} -> 2.588 | ... P40: {=_xlfn.QUARTILE.INC(_xlfn._xlws.FILTER(Grayana!R$2:R1000, Grayana!R$2:R1000<>""), 3)} -> 751.36475
A41: GRAYANA | B41: IQR | C41: {=_xlfn.QUARTILE.INC(_xlfn._xlws.FILTER(Grayana!E$2:E1000, Grayana!E$2:E1000<>""), 3) - _xlfn.QUARTILE.INC(_xlfn._xlws.FILTER(Grayana!E$2:E1000, Grayana!E$2:E1000<>""), 1)} -> 0.4395 | D41: {=_xlfn.QUARTILE.INC(_xlfn._xlws.FILTER(Grayana!F$2:F1000, Grayana!F$2:F1000<>""), 3) - _xlfn.QUARTILE.INC(_xlfn._xlws.FILTER(Grayana!F$2:F1000, Grayana!F$2:F1000<>""), 1)} -> 0.212 | E41: {=_xlfn.QUARTILE.INC(_xlfn._xlws.FILTER(Grayana!G$2:G1000, Grayana!G$2:G1000<>""), 3) - _xlfn.QUARTILE.INC(_xlfn._xlws.FILTER(Grayana!G$2:G1000, Grayana!G$2:G1000<>""), 1)} -> 0 | F41: {=_xlfn.QUARTILE.INC(_xlfn._xlws.FILTER(Grayana!H$2:H1000, Grayana!H$2:H1000<>""), 3) - _xlfn.QUARTILE.INC(_xlfn._xlws.FILTER(Grayana!H$2:H1000, Grayana!H$2:H1000<>""), 1)} -> 2.2035 | G41: {=_xlfn.QUARTILE.INC(_xlfn._xlws.FILTER(Grayana!I$2:I1000, Grayana!I$2:I1000<>""), 3) - _xlfn.QUARTILE.INC(_xlfn._xlws.FILTER(Grayana!I$2:I1000, Grayana!I$2:I1000<>""), 1)} -> 1.0465 | H41: {=_xlfn.QUARTILE.INC(_xlfn._xlws.FILTER(Grayana!J$2:J1000, Grayana!J$2:J1000<>""), 3) - _xlfn.QUARTILE.INC(_xlfn._xlws.FILTER(Grayana!J$2:J1000, Grayana!J$2:J1000<>""), 1)} -> 2.11175 | I41: {=_xlfn.QUARTILE.INC(_xlfn._xlws.FILTER(Grayana!K$2:K1000, Grayana!K$2:K1000<>""), 3) - _xlfn.QUARTILE.INC(_xlfn._xlws.FILTER(Grayana!K$2:K1000, Grayana!K$2:K1000<>""), 1)} -> 1.44 | J41: {=_xlfn.QUARTILE.INC(_xlfn._xlws.FILTER(Grayana!L$2:L1000, Grayana!L$2:L1000<>""), 3) - _xlfn.QUARTILE.INC(_xlfn._xlws.FILTER(Grayana!L$2:L1000, Grayana!L$2:L1000<>""), 1)} -> 1.395 | ... P41: {=_xlfn.QUARTILE.INC(_xlfn._xlws.FILTER(Grayana!R$2:R1000, Grayana!R$2:R1000<>""), 3) - _xlfn.QUARTILE.INC(_xlfn._xlws.FILTER(Grayana!R$2:R1000, Grayana!R$2:R1000<>""), 1)} -> 232.30675
A42: GRAYANA | B42: Lower fence | C42: {=_xlfn.QUARTILE.INC(_xlfn._xlws.FILTER(Grayana!E$2:E1000, Grayana!E$2:E1000<>""), 1) - 1.5*(_xlfn.QUARTILE.INC(_xlfn._xlws.FILTER(Grayana!E$2:E1000, Grayana!E$2:E1000<>""), 3) - _xlfn.QUARTILE.INC(_xlfn._xlws.FILTER(Grayana!E$2:E1000, Grayana!E$2:E1000<>""), 1))} -> 0.55225 | D42: {=_xlfn.QUARTILE.INC(_xlfn._xlws.FILTER(Grayana!F$2:F1000, Grayana!F$2:F1000<>""), 1) - 1.5*(_xlfn.QUARTILE.INC(_xlfn._xlws.FILTER(Grayana!F$2:F1000, Grayana!F$2:F1000<>""), 3) - _xlfn.QUARTILE.INC(_xlfn._xlws.FILTER(Grayana!F$2:F1000, Grayana!F$2:F1000<>""), 1))} -> 0.3765 | E42: {=_xlfn.QUARTILE.INC(_xlfn._xlws.FILTER(Grayana!G$2:G1000, Grayana!G$2:G1000<>""), 1) - 1.5*(_xlfn.QUARTILE.INC(_xlfn._xlws.FILTER(Grayana!G$2:G1000, Grayana!G$2:G1000<>""), 3) - _xlfn.QUARTILE.INC(_xlfn._xlws.FILTER(Grayana!G$2:G1000, Grayana!G$2:G1000<>""), 1))} -> 0 | F42: {=_xlfn.QUARTILE.INC(_xlfn._xlws.FILTER(Grayana!H$2:H1000, Grayana!H$2:H1000<>""), 1) - 1.5*(_xlfn.QUARTILE.INC(_xlfn._xlws.FILTER(Grayana!H$2:H1000, Grayana!H$2:H1000<>""), 3) - _xlfn.QUARTILE.INC(_xlfn._xlws.FILTER(Grayana!H$2:H1000, Grayana!H$2:H1000<>""), 1))} -> 0.66275 | G42: {=_xlfn.QUARTILE.INC(_xlfn._xlws.FILTER(Grayana!I$2:I1000, Grayana!I$2:I1000<>""), 1) - 1.5*(_xlfn.QUARTILE.INC(_xlfn._xlws.FILTER(Grayana!I$2:I1000, Grayana!I$2:I1000<>""), 3) - _xlfn.QUARTILE.INC(_xlfn._xlws.FILTER(Grayana!I$2:I1000, Grayana!I$2:I1000<>""), 1))} -> 0.08525 | H42: {=_xlfn.QUARTILE.INC(_xlfn._xlws.FILTER(Grayana!J$2:J1000, Grayana!J$2:J1000<>""), 1) - 1.5*(_xlfn.QUARTILE.INC(_xlfn._xlws.FILTER(Grayana!J$2:J1000, Grayana!J$2:J1000<>""), 3) - _xlfn.QUARTILE.INC(_xlfn._xlws.FILTER(Grayana!J$2:J1000, Grayana!J$2:J1000<>""), 1))} -> 1.999625 | I42: {=_xlfn.QUARTILE.INC(_xlfn._xlws.FILTER(Grayana!K$2:K1000, Grayana!K$2:K1000<>""), 1) - 1.5*(_xlfn.QUARTILE.INC(_xlfn._xlws.FILTER(Grayana!K$2:K1000, Grayana!K$2:K1000<>""), 3) - _xlfn.QUARTILE.INC(_xlfn._xlws.FILTER(Grayana!K$2:K1000, Grayana!K$2:K1000<>""), 1))} -> -0.077 | J42: {=_xlfn.QUARTILE.INC(_xlfn._xlws.FILTER(Grayana!L$2:L1000, Grayana!L$2:L1000<>""), 1) - 1.5*(_xlfn.QUARTILE.INC(_xlfn._xlws.FILTER(Grayana!L$2:L1000, Grayana!L$2:L1000<>""), 3) - _xlfn.QUARTILE.INC(_xlfn._xlws.FILTER(Grayana!L$2:L1000, Grayana!L$2:L1000<>""), 1))} -> -0.8995 | ... P42: {=_xlfn.QUARTILE.INC(_xlfn._xlws.FILTER(Grayana!R$2:R1000, Grayana!R$2:R1000<>""), 1) - 1.5*(_xlfn.QUARTILE.INC(_xlfn._xlws.FILTER(Grayana!R$2:R1000, Grayana!R$2:R1000<>""), 3) - _xlfn.QUARTILE.INC(_xlfn._xlws.FILTER(Grayana!R$2:R1000, Grayana!R$2:R1000<>""), 1))} -> 170.59788
A43: GRAYANA | B43: Upper fence | C43: {=_xlfn.QUARTILE.INC(_xlfn._xlws.FILTER(Grayana!E$2:E1000, Grayana!E$2:E1000<>""), 3) + 1.5*(_xlfn.QUARTILE.INC(_xlfn._xlws.FILTER(Grayana!E$2:E1000, Grayana!E$2:E1000<>""), 3) - _xlfn.QUARTILE.INC(_xlfn._xlws.FILTER(Grayana!E$2:E1000, Grayana!E$2:E1000<>""), 1))} -> 2.31025 | D43: {=_xlfn.QUARTILE.INC(_xlfn._xlws.FILTER(Grayana!F$2:F1000, Grayana!F$2:F1000<>""), 3) + 1.5*(_xlfn.QUARTILE.INC(_xlfn._xlws.FILTER(Grayana!F$2:F1000, Grayana!F$2:F1000<>""), 3) - _xlfn.QUARTILE.INC(_xlfn._xlws.FILTER(Grayana!F$2:F1000, Grayana!F$2:F1000<>""), 1))} -> 1.2245 | E43: {=_xlfn.QUARTILE.INC(_xlfn._xlws.FILTER(Grayana!G$2:G1000, Grayana!G$2:G1000<>""), 3) + 1.5*(_xlfn.QUARTILE.INC(_xlfn._xlws.FILTER(Grayana!G$2:G1000, Grayana!G$2:G1000<>""), 3) - _xlfn.QUARTILE.INC(_xlfn._xlws.FILTER(Grayana!G$2:G1000, Grayana!G$2:G1000<>""), 1))} -> 0 | F43: {=_xlfn.QUARTILE.INC(_xlfn._xlws.FILTER(Grayana!H$2:H1000, Grayana!H$2:H1000<>""), 3) + 1.5*(_xlfn.QUARTILE.INC(_xlfn._xlws.FILTER(Grayana!H$2:H1000, Grayana!H$2:H1000<>""), 3) - _xlfn.QUARTILE.INC(_xlfn._xlws.FILTER(Grayana!H$2:H1000, Grayana!H$2:H1000<>""), 1))} -> 9.47675 | G43: {=_xlfn.QUARTILE.INC(_xlfn._xlws.FILTER(Grayana!I$2:I1000, Grayana!I$2:I1000<>""), 3) + 1.5*(_xlfn.QUARTILE.INC(_xlfn._xlws.FILTER(Grayana!I$2:I1000, Grayana!I$2:I1000<>""), 3) - _xlfn.QUARTILE.INC(_xlfn._xlws.FILTER(Grayana!I$2:I1000, Grayana!I$2:I1000<>""), 1))} -> 4.27125 | H43: {=_xlfn.QUARTILE.INC(_xlfn._xlws.FILTER(Grayana!J$2:J1000, Grayana!J$2:J1000<>""), 3) + 1.5*(_xlfn.QUARTILE.INC(_xlfn._xlws.FILTER(Grayana!J$2:J1000, Grayana!J$2:J1000<>""), 3) - _xlfn.QUARTILE.INC(_xlfn._xlws.FILTER(Grayana!J$2:J1000, Grayana!J$2:J1000<>""), 1))} -> 10.446625 | I43: {=_xlfn.QUARTILE.INC(_xlfn._xlws.FILTER(Grayana!K$2:K1000, Grayana!K$2:K1000<>""), 3) + 1.5*(_xlfn.QUARTILE.INC(_xlfn._xlws.FILTER(Grayana!K$2:K1000, Grayana!K$2:K1000<>""), 3) - _xlfn.QUARTILE.INC(_xlfn._xlws.FILTER(Grayana!K$2:K1000, Grayana!K$2:K1000<>""), 1))} -> 5.683 | J43: {=_xlfn.QUARTILE.INC(_xlfn._xlws.FILTER(Grayana!L$2:L1000, Grayana!L$2:L1000<>""), 3) + 1.5*(_xlfn.QUARTILE.INC(_xlfn._xlws.FILTER(Grayana!L$2:L1000, Grayana!L$2:L1000<>""), 3) - _xlfn.QUARTILE.INC(_xlfn._xlws.FILTER(Grayana!L$2:L1000, Grayana!L$2:L1000<>""), 1))} -> 4.6805 | ... P43: {=_xlfn.QUARTILE.INC(_xlfn._xlws.FILTER(Grayana!R$2:R1000, Grayana!R$2:R1000<>""), 3) + 1.5*(_xlfn.QUARTILE.INC(_xlfn._xlws.FILTER(Grayana!R$2:R1000, Grayana!R$2:R1000<>""), 3) - _xlfn.QUARTILE.INC(_xlfn._xlws.FILTER(Grayana!R$2:R1000, Grayana!R$2:R1000<>""), 1))} -> 1099.8249
A44: GRAYANA | B44: Absolute min | C44: {=MIN(_xlfn._xlws.FILTER(Grayana!E$2:E1000, Grayana!E$2:E1000<>""))} -> 0.804 | D44: {=MIN(_xlfn._xlws.FILTER(Grayana!F$2:F1000, Grayana!F$2:F1000<>""))} -> 0.514 | E44: {=MIN(_xlfn._xlws.FILTER(Grayana!G$2:G1000, Grayana!G$2:G1000<>""))} -> 0 | F44: {=MIN(_xlfn._xlws.FILTER(Grayana!H$2:H1000, Grayana!H$2:H1000<>""))} -> 2.483 | G44: {=MIN(_xlfn._xlws.FILTER(Grayana!I$2:I1000, Grayana!I$2:I1000<>""))} -> 0.338 | H44: {=MIN(_xlfn._xlws.FILTER(Grayana!J$2:J1000, Grayana!J$2:J1000<>""))} -> 4.171 | I44: {=MIN(_xlfn._xlws.FILTER(Grayana!K$2:K1000, Grayana!K$2:K1000<>""))} -> 1.853 | J44: {=MIN(_xlfn._xlws.FILTER(Grayana!L$2:L1000, Grayana!L$2:L1000<>""))} -> 0.726 | ... P44: {=MIN(_xlfn._xlws.FILTER(Grayana!R$2:R1000, Grayana!R$2:R1000<>""))} -> 380.751
A45: GRAYANA | B45: Absolute max | C45: {=MAX(_xlfn._xlws.FILTER(Grayana!E$2:E1000, Grayana!E$2:E1000<>""))} -> 2.361 | D45: {=MAX(_xlfn._xlws.FILTER(Grayana!F$2:F1000, Grayana!F$2:F1000<>""))} -> 1.245 | E45: {=MAX(_xlfn._xlws.FILTER(Grayana!G$2:G1000, Grayana!G$2:G1000<>""))} -> 0 | F45: {=MAX(_xlfn._xlws.FILTER(Grayana!H$2:H1000, Grayana!H$2:H1000<>""))} -> 9.87 | G45: {=MAX(_xlfn._xlws.FILTER(Grayana!I$2:I1000, Grayana!I$2:I1000<>""))} -> 6.625 | H45: {=MAX(_xlfn._xlws.FILTER(Grayana!J$2:J1000, Grayana!J$2:J1000<>""))} -> 9.812 | I45: {=MAX(_xlfn._xlws.FILTER(Grayana!K$2:K1000, Grayana!K$2:K1000<>""))} -> 4.833 | J45: {=MAX(_xlfn._xlws.FILTER(Grayana!L$2:L1000, Grayana!L$2:L1000<>""))} -> 3.423 | ... P45: {=MAX(_xlfn._xlws.FILTER(Grayana!R$2:R1000, Grayana!R$2:R1000<>""))} -> 874.667
A46: GRAYANA | B46: Full (absolute min) min–max (absolute max) mm | C46: ="(" & IF(MIN(Grayana!E$2:E$1000)<_xlfn.QUARTILE.INC(Grayana!E$2:E$1000,1)-1.5*(_xlfn.QUARTILE.INC(Grayana!E$2:E$1000,3)-_xlfn.QUARTILE.INC(Grayana!E$2:E$1000,1)),MIN(Grayana!E$2:E$1000),"") & ") " & _xlfn.MINIFS(Grayana!E$2:E$1000, Grayana!E$2:E$1000, ">=" & _xlfn.QUARTILE.INC(Grayana!E$2:E$1000,1)-1.5*(_xlfn.QUARTILE.INC(Grayana!E$2:E$1000,3)-_xlfn.QUARTILE.INC(Grayana!E$2:E$1000,1)), Grayana!E$2:E$1000, "<=" & _xlfn.QUARTILE.INC(Grayana!E$2:E$1000,3)+1.5*(_xlfn.QUARTILE.INC(Grayana!E$2:E$1000,3)-_xlfn.QUARTILE.INC(Grayana!E$2:E$1000,1))) & "–" & _xlfn.MAXIFS(Grayana!E$2:E$1000, Grayana!E$2:E$1000, ">=" & _xlfn.QUARTILE.INC(Grayana!E$2:E$1000,1)-1.5*(_xlfn.QUARTILE.INC(Grayana!E$2:E$1000,3)-_xlfn.QUARTILE.INC(Grayana!E$2:E$1000,1)), Grayana!E$2:E$1000, "<=" & _xlfn.QUARTILE.INC(Grayana!E$2:E$1000,3)+1.5*(_xlfn.QUARTILE.INC(Grayana!E$2:E$1000,3)-_xlfn.QUARTILE.INC(Grayana!E$2:E$1000,1))) & " (" & IF(MAX(Grayana!E$2:E$1000)>_xlfn.QUARTILE.INC(Grayana!E$2:E$1000,3)+1.5*(_xlfn.QUARTILE.INC(Grayana!E$2:E$1000,3)-_xlfn.QUARTILE.INC(Grayana!E$2:E$1000,1)),MAX(Grayana!E$2:E$1000),"") & ") mm" -> () 0.804–2.26 (2.361) mm | D46: ="(" & IF(MIN(Grayana!F$2:F$1000)<_xlfn.QUARTILE.INC(Grayana!F$2:F$1000,1)-1.5*(_xlfn.QUARTILE.INC(Grayana!F$2:F$1000,3)-_xlfn.QUARTILE.INC(Grayana!F$2:F$1000,1)),MIN(Grayana!F$2:F$1000),"") & ") " & _xlfn.MINIFS(Grayana!F$2:F$1000, Grayana!F$2:F$1000, ">=" & _xlfn.QUARTILE.INC(Grayana!F$2:F$1000,1)-1.5*(_xlfn.QUARTILE.INC(Grayana!F$2:F$1000,3)-_xlfn.QUARTILE.INC(Grayana!F$2:F$1000,1)), Grayana!F$2:F$1000, "<=" & _xlfn.QUARTILE.INC(Grayana!F$2:F$1000,3)+1.5*(_xlfn.QUARTILE.INC(Grayana!F$2:F$1000,3)-_xlfn.QUARTILE.INC(Grayana!F$2:F$1000,1))) & "–" & _xlfn.MAXIFS(Grayana!F$2:F$1000, Grayana!F$2:F$1000, ">=" & _xlfn.QUARTILE.INC(Grayana!F$2:F$1000,1)-1.5*(_xlfn.QUARTILE.INC(Grayana!F$2:F$1000,3)-_xlfn.QUARTILE.INC(Grayana!F$2:F$1000,1)), Grayana!F$2:F$1000, "<=" & _xlfn.QUARTILE.INC(Grayana!F$2:F$1000,3)+1.5*(_xlfn.QUARTILE.INC(Grayana!F$2:F$1000,3)-_xlfn.QUARTILE.INC(Grayana!F$2:F$1000,1))) & " (" & IF(MAX(Grayana!F$2:F$1000)>_xlfn.QUARTILE.INC(Grayana!F$2:F$1000,3)+1.5*(_xlfn.QUARTILE.INC(Grayana!F$2:F$1000,3)-_xlfn.QUARTILE.INC(Grayana!F$2:F$1000,1)),MAX(Grayana!F$2:F$1000),"") & ") mm" -> () 0.514–1.19 (1.245) mm | E46: ="(" & IF(MIN(Grayana!G$2:G$1000)<_xlfn.QUARTILE.INC(Grayana!G$2:G$1000,1)-1.5*(_xlfn.QUARTILE.INC(Grayana!G$2:G$1000,3)-_xlfn.QUARTILE.INC(Grayana!G$2:G$1000,1)),MIN(Grayana!G$2:G$1000),"") & ") " & _xlfn.MINIFS(Grayana!G$2:G$1000, Grayana!G$2:G$1000, ">=" & _xlfn.QUARTILE.INC(Grayana!G$2:G$1000,1)-1.5*(_xlfn.QUARTILE.INC(Grayana!G$2:G$1000,3)-_xlfn.QUARTILE.INC(Grayana!G$2:G$1000,1)), Grayana!G$2:G$1000, "<=" & _xlfn.QUARTILE.INC(Grayana!G$2:G$1000,3)+1.5*(_xlfn.QUARTILE.INC(Grayana!G$2:G$1000,3)-_xlfn.QUARTILE.INC(Grayana!G$2:G$1000,1))) & "–" & _xlfn.MAXIFS(Grayana!G$2:G$1000, Grayana!G$2:G$1000, ">=" & _xlfn.QUARTILE.INC(Grayana!G$2:G$1000,1)-1.5*(_xlfn.QUARTILE.INC(Grayana!G$2:G$1000,3)-_xlfn.QUARTILE.INC(Grayana!G$2:G$1000,1)), Grayana!G$2:G$1000, "<=" & _xlfn.QUARTILE.INC(Grayana!G$2:G$1000,3)+1.5*(_xlfn.QUARTILE.INC(Grayana!G$2:G$1000,3)-_xlfn.QUARTILE.INC(Grayana!G$2:G$1000,1))) & " (" & IF(MAX(Grayana!G$2:G$1000)>_xlfn.QUARTILE.INC(Grayana!G$2:G$1000,3)+1.5*(_xlfn.QUARTILE.INC(Grayana!G$2:G$1000,3)-_xlfn.QUARTILE.INC(Grayana!G$2:G$1000,1)),MAX(Grayana!G$2:G$1000),"") & ") mm" -> () 0–0 () mm | F46: ="(" & IF(MIN(Grayana!H$2:H$1000)<_xlfn.QUARTILE.INC(Grayana!H$2:H$1000,1)-1.5*(_xlfn.QUARTILE.INC(Grayana!H$2:H$1000,3)-_xlfn.QUARTILE.INC(Grayana!H$2:H$1000,1)),MIN(Grayana!H$2:H$1000),"") & ") " & _xlfn.MINIFS(Grayana!H$2:H$1000, Grayana!H$2:H$1000, ">=" & _xlfn.QUARTILE.INC(Grayana!H$2:H$1000,1)-1.5*(_xlfn.QUARTILE.INC(Grayana!H$2:H$1000,3)-_xlfn.QUARTILE.INC(Grayana!H$2:H$1000,1)), Grayana!H$2:H$1000, "<=" & _xlfn.QUARTILE.INC(Grayana!H$2:H$1000,3)+1.5*(_xlfn.QUARTILE.INC(Grayana!H$2:H$1000,3)-_xlfn.QUARTILE.INC(Grayana!H$2:H$1000,1))) & "–" & _xlfn.MAXIFS(Grayana!H$2:H$1000, Grayana!H$2:H$1000, ">=" & _xlfn.QUARTILE.INC(Grayana!H$2:H$1000,1)-1.5*(_xlfn.QUARTILE.INC(Grayana!H$2:H$1000,3)-_xlfn.QUARTILE.INC(Grayana!H$2:H$1000,1)), Grayana!H$2:H$1000, "<=" & _xlfn.QUARTILE.INC(Grayana!H$2:H$1000,3)+1.5*(_xlfn.QUARTILE.INC(Grayana!H$2:H$1000,3)-_xlfn.QUARTILE.INC(Grayana!H$2:H$1000,1))) & " (" & IF(MAX(Grayana!H$2:H$1000)>_xlfn.QUARTILE.INC(Grayana!H$2:H$1000,3)+1.5*(_xlfn.QUARTILE.INC(Grayana!H$2:H$1000,3)-_xlfn.QUARTILE.INC(Grayana!H$2:H$1000,1)),MAX(Grayana!H$2:H$1000),"") & ") mm" -> () 2.483–9.211 (9.87) mm | G46: ="(" & IF(MIN(Grayana!I$2:I$1000)<_xlfn.QUARTILE.INC(Grayana!I$2:I$1000,1)-1.5*(_xlfn.QUARTILE.INC(Grayana!I$2:I$1000,3)-_xlfn.QUARTILE.INC(Grayana!I$2:I$1000,1)),MIN(Grayana!I$2:I$1000),"") & ") " & _xlfn.MINIFS(Grayana!I$2:I$1000, Grayana!I$2:I$1000, ">=" & _xlfn.QUARTILE.INC(Grayana!I$2:I$1000,1)-1.5*(_xlfn.QUARTILE.INC(Grayana!I$2:I$1000,3)-_xlfn.QUARTILE.INC(Grayana!I$2:I$1000,1)), Grayana!I$2:I$1000, "<=" & _xlfn.QUARTILE.INC(Grayana!I$2:I$1000,3)+1.5*(_xlfn.QUARTILE.INC(Grayana!I$2:I$1000,3)-_xlfn.QUARTILE.INC(Grayana!I$2:I$1000,1))) & "–" & _xlfn.MAXIFS(Grayana!I$2:I$1000, Grayana!I$2:I$1000, ">=" & _xlfn.QUARTILE.INC(Grayana!I$2:I$1000,1)-1.5*(_xlfn.QUARTILE.INC(Grayana!I$2:I$1000,3)-_xlfn.QUARTILE.INC(Grayana!I$2:I$1000,1)), Grayana!I$2:I$1000, "<=" & _xlfn.QUARTILE.INC(Grayana!I$2:I$1000,3)+1.5*(_xlfn.QUARTILE.INC(Grayana!I$2:I$1000,3)-_xlfn.QUARTILE.INC(Grayana!I$2:I$1000,1))) & " (" & IF(MAX(Grayana!I$2:I$1000)>_xlfn.QUARTILE.INC(Grayana!I$2:I$1000,3)+1.5*(_xlfn.QUARTILE.INC(Grayana!I$2:I$1000,3)-_xlfn.QUARTILE.INC(Grayana!I$2:I$1000,1)),MAX(Grayana!I$2:I$1000),"") & ") mm" -> () 0.338–3.441 (6.625) mm | H46: ="(" & IF(MIN(Grayana!J$2:J$1000)<_xlfn.QUARTILE.INC(Grayana!J$2:J$1000,1)-1.5*(_xlfn.QUARTILE.INC(Grayana!J$2:J$1000,3)-_xlfn.QUARTILE.INC(Grayana!J$2:J$1000,1)),MIN(Grayana!J$2:J$1000),"") & ") " & _xlfn.MINIFS(Grayana!J$2:J$1000, Grayana!J$2:J$1000, ">=" & _xlfn.QUARTILE.INC(Grayana!J$2:J$1000,1)-1.5*(_xlfn.QUARTILE.INC(Grayana!J$2:J$1000,3)-_xlfn.QUARTILE.INC(Grayana!J$2:J$1000,1)), Grayana!J$2:J$1000, "<=" & _xlfn.QUARTILE.INC(Grayana!J$2:J$1000,3)+1.5*(_xlfn.QUARTILE.INC(Grayana!J$2:J$1000,3)-_xlfn.QUARTILE.INC(Grayana!J$2:J$1000,1))) & "–" & _xlfn.MAXIFS(Grayana!J$2:J$1000, Grayana!J$2:J$1000, ">=" & _xlfn.QUARTILE.INC(Grayana!J$2:J$1000,1)-1.5*(_xlfn.QUARTILE.INC(Grayana!J$2:J$1000,3)-_xlfn.QUARTILE.INC(Grayana!J$2:J$1000,1)), Grayana!J$2:J$1000, "<=" & _xlfn.QUARTILE.INC(Grayana!J$2:J$1000,3)+1.5*(_xlfn.QUARTILE.INC(Grayana!J$2:J$1000,3)-_xlfn.QUARTILE.INC(Grayana!J$2:J$1000,1))) & " (" & IF(MAX(Grayana!J$2:J$1000)>_xlfn.QUARTILE.INC(Grayana!J$2:J$1000,3)+1.5*(_xlfn.QUARTILE.INC(Grayana!J$2:J$1000,3)-_xlfn.QUARTILE.INC(Grayana!J$2:J$1000,1)),MAX(Grayana!J$2:J$1000),"") & ") mm" -> () 4.171–9.812 () mm | I46: ="(" & IF(MIN(Grayana!K$2:K$1000)<_xlfn.QUARTILE.INC(Grayana!K$2:K$1000,1)-1.5*(_xlfn.QUARTILE.INC(Grayana!K$2:K$1000,3)-_xlfn.QUARTILE.INC(Grayana!K$2:K$1000,1)),MIN(Grayana!K$2:K$1000),"") & ") " & _xlfn.MINIFS(Grayana!K$2:K$1000, Grayana!K$2:K$1000, ">=" & _xlfn.QUARTILE.INC(Grayana!K$2:K$1000,1)-1.5*(_xlfn.QUARTILE.INC(Grayana!K$2:K$1000,3)-_xlfn.QUARTILE.INC(Grayana!K$2:K$1000,1)), Grayana!K$2:K$1000, "<=" & _xlfn.QUARTILE.INC(Grayana!K$2:K$1000,3)+1.5*(_xlfn.QUARTILE.INC(Grayana!K$2:K$1000,3)-_xlfn.QUARTILE.INC(Grayana!K$2:K$1000,1))) & "–" & _xlfn.MAXIFS(Grayana!K$2:K$1000, Grayana!K$2:K$1000, ">=" & _xlfn.QUARTILE.INC(Grayana!K$2:K$1000,1)-1.5*(_xlfn.QUARTILE.INC(Grayana!K$2:K$1000,3)-_xlfn.QUARTILE.INC(Grayana!K$2:K$1000,1)), Grayana!K$2:K$1000, "<=" & _xlfn.QUARTILE.INC(Grayana!K$2:K$1000,3)+1.5*(_xlfn.QUARTILE.INC(Grayana!K$2:K$1000,3)-_xlfn.QUARTILE.INC(Grayana!K$2:K$1000,1))) & " (" & IF(MAX(Grayana!K$2:K$1000)>_xlfn.QUARTILE.INC(Grayana!K$2:K$1000,3)+1.5*(_xlfn.QUARTILE.INC(Grayana!K$2:K$1000,3)-_xlfn.QUARTILE.INC(Grayana!K$2:K$1000,1)),MAX(Grayana!K$2:K$1000),"") & ") mm" -> () 1.853–4.833 () mm | J46: ="(" & IF(MIN(Grayana!L$2:L$1000)<_xlfn.QUARTILE.INC(Grayana!L$2:L$1000,1)-1.5*(_xlfn.QUARTILE.INC(Grayana!L$2:L$1000,3)-_xlfn.QUARTILE.INC(Grayana!L$2:L$1000,1)),MIN(Grayana!L$2:L$1000),"") & ") " & _xlfn.MINIFS(Grayana!L$2:L$1000, Grayana!L$2:L$1000, ">=" & _xlfn.QUARTILE.INC(Grayana!L$2:L$1000,1)-1.5*(_xlfn.QUARTILE.INC(Grayana!L$2:L$1000,3)-_xlfn.QUARTILE.INC(Grayana!L$2:L$1000,1)), Grayana!L$2:L$1000, "<=" & _xlfn.QUARTILE.INC(Grayana!L$2:L$1000,3)+1.5*(_xlfn.QUARTILE.INC(Grayana!L$2:L$1000,3)-_xlfn.QUARTILE.INC(Grayana!L$2:L$1000,1))) & "–" & _xlfn.MAXIFS(Grayana!L$2:L$1000, Grayana!L$2:L$1000, ">=" & _xlfn.QUARTILE.INC(Grayana!L$2:L$1000,1)-1.5*(_xlfn.QUARTILE.INC(Grayana!L$2:L$1000,3)-_xlfn.QUARTILE.INC(Grayana!L$2:L$1000,1)), Grayana!L$2:L$1000, "<=" & _xlfn.QUARTILE.INC(Grayana!L$2:L$1000,3)+1.5*(_xlfn.QUARTILE.INC(Grayana!L$2:L$1000,3)-_xlfn.QUARTILE.INC(Grayana!L$2:L$1000,1))) & " (" & IF(MAX(Grayana!L$2:L$1000)>_xlfn.QUARTILE.INC(Grayana!L$2:L$1000,3)+1.5*(_xlfn.QUARTILE.INC(Grayana!L$2:L$1000,3)-_xlfn.QUARTILE.INC(Grayana!L$2:L$1000,1)),MAX(Grayana!L$2:L$1000),"") & ") mm" -> () 0.726–3.423 () mm | ... P46: ="(" & IF(MIN(Grayana!R$2:R$1000)<_xlfn.QUARTILE.INC(Grayana!R$2:R$1000,1)-1.5*(_xlfn.QUARTILE.INC(Grayana!R$2:R$1000,3)-_xlfn.QUARTILE.INC(Grayana!R$2:R$1000,1)),MIN(Grayana!R$2:R$1000),"") & ") " & _xlfn.MINIFS(Grayana!R$2:R$1000, Grayana!R$2:R$1000, ">=" & _xlfn.QUARTILE.INC(Grayana!R$2:R$1000,1)-1.5*(_xlfn.QUARTILE.INC(Grayana!R$2:R$1000,3)-_xlfn.QUARTILE.INC(Grayana!R$2:R$1000,1)), Grayana!R$2:R$1000, "<=" & _xlfn.QUARTILE.INC(Grayana!R$2:R$1000,3)+1.5*(_xlfn.QUARTILE.INC(Grayana!R$2:R$1000,3)-_xlfn.QUARTILE.INC(Grayana!R$2:R$1000,1))) & "–" & _xlfn.MAXIFS(Grayana!R$2:R$1000, Grayana!R$2:R$1000, ">=" & _xlfn.QUARTILE.INC(Grayana!R$2:R$1000,1)-1.5*(_xlfn.QUARTILE.INC(Grayana!R$2:R$1000,3)-_xlfn.QUARTILE.INC(Grayana!R$2:R$1000,1)), Grayana!R$2:R$1000, "<=" & _xlfn.QUARTILE.INC(Grayana!R$2:R$1000,3)+1.5*(_xlfn.QUARTILE.INC(Grayana!R$2:R$1000,3)-_xlfn.QUARTILE.INC(Grayana!R$2:R$1000,1))) & " (" & IF(MAX(Grayana!R$2:R$1000)>_xlfn.QUARTILE.INC(Grayana!R$2:R$1000,3)+1.5*(_xlfn.QUARTILE.INC(Grayana!R$2:R$1000,3)-_xlfn.QUARTILE.INC(Grayana!R$2:R$1000,1)),MAX(Grayana!R$2:R$1000),"") & ") mm" -> () 380.751–874.667 () mm
A47: RICHARDSONII | B47: Q1 | C47: {=_xlfn.QUARTILE.INC(_xlfn._xlws.FILTER(Richardsonii!E$2:E1000, Richardsonii!E$2:E1000<>""), 1)} -> 0.793 | D47: {=_xlfn.QUARTILE.INC(_xlfn._xlws.FILTER(Richardsonii!F$2:F1000, Richardsonii!F$2:F1000<>""), 1)} -> 0.4395 | E47: {=_xlfn.QUARTILE.INC(_xlfn._xlws.FILTER(Richardsonii!G$2:G1000, Richardsonii!G$2:G1000<>""), 1)} -> 0 | F47: {=_xlfn.QUARTILE.INC(_xlfn._xlws.FILTER(Richardsonii!H$2:H1000, Richardsonii!H$2:H1000<>""), 1)} -> 2.249 | G47: {=_xlfn.QUARTILE.INC(_xlfn._xlws.FILTER(Richardsonii!I$2:I1000, Richardsonii!I$2:I1000<>""), 1)} -> 0.6705 | H47: {=_xlfn.QUARTILE.INC(_xlfn._xlws.FILTER(Richardsonii!J$2:J1000, Richardsonii!J$2:J1000<>""), 1)} -> 5.479 | I47: {=_xlfn.QUARTILE.INC(_xlfn._xlws.FILTER(Richardsonii!K$2:K1000, Richardsonii!K$2:K1000<>""), 1)} -> 3.26 | J47: {=_xlfn.QUARTILE.INC(_xlfn._xlws.FILTER(Richardsonii!L$2:L1000, Richardsonii!L$2:L1000<>""), 1)} -> 1.714 | ... P47: {=_xlfn.QUARTILE.INC(_xlfn._xlws.FILTER(Richardsonii!R$2:R1000, Richardsonii!R$2:R1000<>""), 1)} -> 374.4455
A48: RICHARDSONII | B48: Q2 (median) | C48: {=_xlfn.QUARTILE.INC(_xlfn._xlws.FILTER(Richardsonii!E$2:E1000, Richardsonii!E$2:E1000<>""), 2)} -> 1.052 | D48: {=_xlfn.QUARTILE.INC(_xlfn._xlws.FILTER(Richardsonii!F$2:F1000, Richardsonii!F$2:F1000<>""), 2)} -> 0.725 | E48: {=_xlfn.QUARTILE.INC(_xlfn._xlws.FILTER(Richardsonii!G$2:G1000, Richardsonii!G$2:G1000<>""), 2)} -> 0 | F48: {=_xlfn.QUARTILE.INC(_xlfn._xlws.FILTER(Richardsonii!H$2:H1000, Richardsonii!H$2:H1000<>""), 2)} -> 2.797 | G48: {=_xlfn.QUARTILE.INC(_xlfn._xlws.FILTER(Richardsonii!I$2:I1000, Richardsonii!I$2:I1000<>""), 2)} -> 1.563 | H48: {=_xlfn.QUARTILE.INC(_xlfn._xlws.FILTER(Richardsonii!J$2:J1000, Richardsonii!J$2:J1000<>""), 2)} -> 7.93 | I48: {=_xlfn.QUARTILE.INC(_xlfn._xlws.FILTER(Richardsonii!K$2:K1000, Richardsonii!K$2:K1000<>""), 2)} -> 3.774 | J48: {=_xlfn.QUARTILE.INC(_xlfn._xlws.FILTER(Richardsonii!L$2:L1000, Richardsonii!L$2:L1000<>""), 2)} -> 2.153 | ... P48: {=_xlfn.QUARTILE.INC(_xlfn._xlws.FILTER(Richardsonii!R$2:R1000, Richardsonii!R$2:R1000<>""), 2)} -> 408.4505
A49: RICHARDSONII | B49: Q3 | C49: {=_xlfn.QUARTILE.INC(_xlfn._xlws.FILTER(Richardsonii!E$2:E1000, Richardsonii!E$2:E1000<>""), 3)} -> 1.2025 | D49: {=_xlfn.QUARTILE.INC(_xlfn._xlws.FILTER(Richardsonii!F$2:F1000, Richardsonii!F$2:F1000<>""), 3)} -> 0.8635 | E49: {=_xlfn.QUARTILE.INC(_xlfn._xlws.FILTER(Richardsonii!G$2:G1000, Richardsonii!G$2:G1000<>""), 3)} -> 0 | F49: {=_xlfn.QUARTILE.INC(_xlfn._xlws.FILTER(Richardsonii!H$2:H1000, Richardsonii!H$2:H1000<>""), 3)} -> 4.779 | G49: {=_xlfn.QUARTILE.INC(_xlfn._xlws.FILTER(Richardsonii!I$2:I1000, Richardsonii!I$2:I1000<>""), 3)} -> 2.292 | H49: {=_xlfn.QUARTILE.INC(_xlfn._xlws.FILTER(Richardsonii!J$2:J1000, Richardsonii!J$2:J1000<>""), 3)} -> 9.37 | I49: {=_xlfn.QUARTILE.INC(_xlfn._xlws.FILTER(Richardsonii!K$2:K1000, Richardsonii!K$2:K1000<>""), 3)} -> 4.28 | J49: {=_xlfn.QUARTILE.INC(_xlfn._xlws.FILTER(Richardsonii!L$2:L1000, Richardsonii!L$2:L1000<>""), 3)} -> 3.19 | ... P49: {=_xlfn.QUARTILE.INC(_xlfn._xlws.FILTER(Richardsonii!R$2:R1000, Richardsonii!R$2:R1000<>""), 3)} -> 484.10825
A50: RICHARDSONII | B50: IQR | C50: {=_xlfn.QUARTILE.INC(_xlfn._xlws.FILTER(Richardsonii!E$2:E1000, Richardsonii!E$2:E1000<>""), 3) - _xlfn.QUARTILE.INC(_xlfn._xlws.FILTER(Richardsonii!E$2:E1000, Richardsonii!E$2:E1000<>""), 1)} -> 0.4095 | D50: {=_xlfn.QUARTILE.INC(_xlfn._xlws.FILTER(Richardsonii!F$2:F1000, Richardsonii!F$2:F1000<>""), 3) - _xlfn.QUARTILE.INC(_xlfn._xlws.FILTER(Richardsonii!F$2:F1000, Richardsonii!F$2:F1000<>""), 1)} -> 0.424 | E50: {=_xlfn.QUARTILE.INC(_xlfn._xlws.FILTER(Richardsonii!G$2:G1000, Richardsonii!G$2:G1000<>""), 3) - _xlfn.QUARTILE.INC(_xlfn._xlws.FILTER(Richardsonii!G$2:G1000, Richardsonii!G$2:G1000<>""), 1)} -> 0 | F50: {=_xlfn.QUARTILE.INC(_xlfn._xlws.FILTER(Richardsonii!H$2:H1000, Richardsonii!H$2:H1000<>""), 3) - _xlfn.QUARTILE.INC(_xlfn._xlws.FILTER(Richardsonii!H$2:H1000, Richardsonii!H$2:H1000<>""), 1)} -> 2.53 | G50: {=_xlfn.QUARTILE.INC(_xlfn._xlws.FILTER(Richardsonii!I$2:I1000, Richardsonii!I$2:I1000<>""), 3) - _xlfn.QUARTILE.INC(_xlfn._xlws.FILTER(Richardsonii!I$2:I1000, Richardsonii!I$2:I1000<>""), 1)} -> 1.6215 | H50: {=_xlfn.QUARTILE.INC(_xlfn._xlws.FILTER(Richardsonii!J$2:J1000, Richardsonii!J$2:J1000<>""), 3) - _xlfn.QUARTILE.INC(_xlfn._xlws.FILTER(Richardsonii!J$2:J1000, Richardsonii!J$2:J1000<>""), 1)} -> 3.891 | I50: {=_xlfn.QUARTILE.INC(_xlfn._xlws.FILTER(Richardsonii!K$2:K1000, Richardsonii!K$2:K1000<>""), 3) - _xlfn.QUARTILE.INC(_xlfn._xlws.FILTER(Richardsonii!K$2:K1000, Richardsonii!K$2:K1000<>""), 1)} -> 1.02 | J50: {=_xlfn.QUARTILE.INC(_xlfn._xlws.FILTER(Richardsonii!L$2:L1000, Richardsonii!L$2:L1000<>""), 3) - _xlfn.QUARTILE.INC(_xlfn._xlws.FILTER(Richardsonii!L$2:L1000, Richardsonii!L$2:L1000<>""), 1)} -> 1.476 | ... P50: {=_xlfn.QUARTILE.INC(_xlfn._xlws.FILTER(Richardsonii!R$2:R1000, Richardsonii!R$2:R1000<>""), 3) - _xlfn.QUARTILE.INC(_xlfn._xlws.FILTER(Richardsonii!R$2:R1000, Richardsonii!R$2:R1000<>""), 1)} -> 109.66275
A51: RICHARDSONII | B51: Lower fence | C51: {=_xlfn.QUARTILE.INC(_xlfn._xlws.FILTER(Richardsonii!E$2:E1000, Richardsonii!E$2:E1000<>""), 1) - 1.5*(_xlfn.QUARTILE.INC(_xlfn._xlws.FILTER(Richardsonii!E$2:E1000, Richardsonii!E$2:E1000<>""), 3) - _xlfn.QUARTILE.INC(_xlfn._xlws.FILTER(Richardsonii!E$2:E1000, Richardsonii!E$2:E1000<>""), 1))} -> 0.17875 | D51: {=_xlfn.QUARTILE.INC(_xlfn._xlws.FILTER(Richardsonii!F$2:F1000, Richardsonii!F$2:F1000<>""), 1) - 1.5*(_xlfn.QUARTILE.INC(_xlfn._xlws.FILTER(Richardsonii!F$2:F1000, Richardsonii!F$2:F1000<>""), 3) - _xlfn.QUARTILE.INC(_xlfn._xlws.FILTER(Richardsonii!F$2:F1000, Richardsonii!F$2:F1000<>""), 1))} -> -0.1965 | E51: {=_xlfn.QUARTILE.INC(_xlfn._xlws.FILTER(Richardsonii!G$2:G1000, Richardsonii!G$2:G1000<>""), 1) - 1.5*(_xlfn.QUARTILE.INC(_xlfn._xlws.FILTER(Richardsonii!G$2:G1000, Richardsonii!G$2:G1000<>""), 3) - _xlfn.QUARTILE.INC(_xlfn._xlws.FILTER(Richardsonii!G$2:G1000, Richardsonii!G$2:G1000<>""), 1))} -> 0 | F51: {=_xlfn.QUARTILE.INC(_xlfn._xlws.FILTER(Richardsonii!H$2:H1000, Richardsonii!H$2:H1000<>""), 1) - 1.5*(_xlfn.QUARTILE.INC(_xlfn._xlws.FILTER(Richardsonii!H$2:H1000, Richardsonii!H$2:H1000<>""), 3) - _xlfn.QUARTILE.INC(_xlfn._xlws.FILTER(Richardsonii!H$2:H1000, Richardsonii!H$2:H1000<>""), 1))} -> -1.546 | G51: {=_xlfn.QUARTILE.INC(_xlfn._xlws.FILTER(Richardsonii!I$2:I1000, Richardsonii!I$2:I1000<>""), 1) - 1.5*(_xlfn.QUARTILE.INC(_xlfn._xlws.FILTER(Richardsonii!I$2:I1000, Richardsonii!I$2:I1000<>""), 3) - _xlfn.QUARTILE.INC(_xlfn._xlws.FILTER(Richardsonii!I$2:I1000, Richardsonii!I$2:I1000<>""), 1))} -> -1.76175 | H51: {=_xlfn.QUARTILE.INC(_xlfn._xlws.FILTER(Richardsonii!J$2:J1000, Richardsonii!J$2:J1000<>""), 1) - 1.5*(_xlfn.QUARTILE.INC(_xlfn._xlws.FILTER(Richardsonii!J$2:J1000, Richardsonii!J$2:J1000<>""), 3) - _xlfn.QUARTILE.INC(_xlfn._xlws.FILTER(Richardsonii!J$2:J1000, Richardsonii!J$2:J1000<>""), 1))} -> -0.3575 | I51: {=_xlfn.QUARTILE.INC(_xlfn._xlws.FILTER(Richardsonii!K$2:K1000, Richardsonii!K$2:K1000<>""), 1) - 1.5*(_xlfn.QUARTILE.INC(_xlfn._xlws.FILTER(Richardsonii!K$2:K1000, Richardsonii!K$2:K1000<>""), 3) - _xlfn.QUARTILE.INC(_xlfn._xlws.FILTER(Richardsonii!K$2:K1000, Richardsonii!K$2:K1000<>""), 1))} -> 1.73 | J51: {=_xlfn.QUARTILE.INC(_xlfn._xlws.FILTER(Richardsonii!L$2:L1000, Richardsonii!L$2:L1000<>""), 1) - 1.5*(_xlfn.QUARTILE.INC(_xlfn._xlws.FILTER(Richardsonii!L$2:L1000, Richardsonii!L$2:L1000<>""), 3) - _xlfn.QUARTILE.INC(_xlfn._xlws.FILTER(Richardsonii!L$2:L1000, Richardsonii!L$2:L1000<>""), 1))} -> -0.5 | ... P51: {=_xlfn.QUARTILE.INC(_xlfn._xlws.FILTER(Richardsonii!R$2:R1000, Richardsonii!R$2:R1000<>""), 1) - 1.5*(_xlfn.QUARTILE.INC(_xlfn._xlws.FILTER(Richardsonii!R$2:R1000, Richardsonii!R$2:R1000<>""), 3) - _xlfn.QUARTILE.INC(_xlfn._xlws.FILTER(Richardsonii!R$2:R1000, Richardsonii!R$2:R1000<>""), 1))} -> 209.95138
A52: RICHARDSONII | B52: Upper fence | C52: {=_xlfn.QUARTILE.INC(_xlfn._xlws.FILTER(Richardsonii!E$2:E1000, Richardsonii!E$2:E1000<>""), 3) + 1.5*(_xlfn.QUARTILE.INC(_xlfn._xlws.FILTER(Richardsonii!E$2:E1000, Richardsonii!E$2:E1000<>""), 3) - _xlfn.QUARTILE.INC(_xlfn._xlws.FILTER(Richardsonii!E$2:E1000, Richardsonii!E$2:E1000<>""), 1))} -> 1.81675 | D52: {=_xlfn.QUARTILE.INC(_xlfn._xlws.FILTER(Richardsonii!F$2:F1000, Richardsonii!F$2:F1000<>""), 3) + 1.5*(_xlfn.QUARTILE.INC(_xlfn._xlws.FILTER(Richardsonii!F$2:F1000, Richardsonii!F$2:F1000<>""), 3) - _xlfn.QUARTILE.INC(_xlfn._xlws.FILTER(Richardsonii!F$2:F1000, Richardsonii!F$2:F1000<>""), 1))} -> 1.4995 | E52: {=_xlfn.QUARTILE.INC(_xlfn._xlws.FILTER(Richardsonii!G$2:G1000, Richardsonii!G$2:G1000<>""), 3) + 1.5*(_xlfn.QUARTILE.INC(_xlfn._xlws.FILTER(Richardsonii!G$2:G1000, Richardsonii!G$2:G1000<>""), 3) - _xlfn.QUARTILE.INC(_xlfn._xlws.FILTER(Richardsonii!G$2:G1000, Richardsonii!G$2:G1000<>""), 1))} -> 0 | F52: {=_xlfn.QUARTILE.INC(_xlfn._xlws.FILTER(Richardsonii!H$2:H1000, Richardsonii!H$2:H1000<>""), 3) + 1.5*(_xlfn.QUARTILE.INC(_xlfn._xlws.FILTER(Richardsonii!H$2:H1000, Richardsonii!H$2:H1000<>""), 3) - _xlfn.QUARTILE.INC(_xlfn._xlws.FILTER(Richardsonii!H$2:H1000, Richardsonii!H$2:H1000<>""), 1))} -> 8.574 | G52: {=_xlfn.QUARTILE.INC(_xlfn._xlws.FILTER(Richardsonii!I$2:I1000, Richardsonii!I$2:I1000<>""), 3) + 1.5*(_xlfn.QUARTILE.INC(_xlfn._xlws.FILTER(Richardsonii!I$2:I1000, Richardsonii!I$2:I1000<>""), 3) - _xlfn.QUARTILE.INC(_xlfn._xlws.FILTER(Richardsonii!I$2:I1000, Richardsonii!I$2:I1000<>""), 1))} -> 4.72425 | H52: {=_xlfn.QUARTILE.INC(_xlfn._xlws.FILTER(Richardsonii!J$2:J1000, Richardsonii!J$2:J1000<>""), 3) + 1.5*(_xlfn.QUARTILE.INC(_xlfn._xlws.FILTER(Richardsonii!J$2:J1000, Richardsonii!J$2:J1000<>""), 3) - _xlfn.QUARTILE.INC(_xlfn._xlws.FILTER(Richardsonii!J$2:J1000, Richardsonii!J$2:J1000<>""), 1))} -> 15.2065 | I52: {=_xlfn.QUARTILE.INC(_xlfn._xlws.FILTER(Richardsonii!K$2:K1000, Richardsonii!K$2:K1000<>""), 3) + 1.5*(_xlfn.QUARTILE.INC(_xlfn._xlws.FILTER(Richardsonii!K$2:K1000, Richardsonii!K$2:K1000<>""), 3) - _xlfn.QUARTILE.INC(_xlfn._xlws.FILTER(Richardsonii!K$2:K1000, Richardsonii!K$2:K1000<>""), 1))} -> 5.81 | J52: {=_xlfn.QUARTILE.INC(_xlfn._xlws.FILTER(Richardsonii!L$2:L1000, Richardsonii!L$2:L1000<>""), 3) + 1.5*(_xlfn.QUARTILE.INC(_xlfn._xlws.FILTER(Richardsonii!L$2:L1000, Richardsonii!L$2:L1000<>""), 3) - _xlfn.QUARTILE.INC(_xlfn._xlws.FILTER(Richardsonii!L$2:L1000, Richardsonii!L$2:L1000<>""), 1))} -> 5.404 | ... P52: {=_xlfn.QUARTILE.INC(_xlfn._xlws.FILTER(Richardsonii!R$2:R1000, Richardsonii!R$2:R1000<>""), 3) + 1.5*(_xlfn.QUARTILE.INC(_xlfn._xlws.FILTER(Richardsonii!R$2:R1000, Richardsonii!R$2:R1000<>""), 3) - _xlfn.QUARTILE.INC(_xlfn._xlws.FILTER(Richardsonii!R$2:R1000, Richardsonii!R$2:R1000<>""), 1))} -> 648.60237
A53: RICHARDSONII | B53: Absolute min | C53: {=MIN(_xlfn._xlws.FILTER(Richardsonii!E$2:E1000, Richardsonii!E$2:E1000<>""))} -> 0 | D53: {=MIN(_xlfn._xlws.FILTER(Richardsonii!F$2:F1000, Richardsonii!F$2:F1000<>""))} -> 0 | E53: {=MIN(_xlfn._xlws.FILTER(Richardsonii!G$2:G1000, Richardsonii!G$2:G1000<>""))} -> 0 | F53: {=MIN(_xlfn._xlws.FILTER(Richardsonii!H$2:H1000, Richardsonii!H$2:H1000<>""))} -> 1.09 | G53: {=MIN(_xlfn._xlws.FILTER(Richardsonii!I$2:I1000, Richardsonii!I$2:I1000<>""))} -> 0.316 | H53: {=MIN(_xlfn._xlws.FILTER(Richardsonii!J$2:J1000, Richardsonii!J$2:J1000<>""))} -> 2.784 | I53: {=MIN(_xlfn._xlws.FILTER(Richardsonii!K$2:K1000, Richardsonii!K$2:K1000<>""))} -> 1.655 | J53: {=MIN(_xlfn._xlws.FILTER(Richardsonii!L$2:L1000, Richardsonii!L$2:L1000<>""))} -> 0.78 | ... P53: {=MIN(_xlfn._xlws.FILTER(Richardsonii!R$2:R1000, Richardsonii!R$2:R1000<>""))} -> 272.047
A54: RICHARDSONII | B54: Absolute max | C54: {=MAX(_xlfn._xlws.FILTER(Richardsonii!E$2:E1000, Richardsonii!E$2:E1000<>""))} -> 2.57 | D54: {=MAX(_xlfn._xlws.FILTER(Richardsonii!F$2:F1000, Richardsonii!F$2:F1000<>""))} -> 1.22 | E54: {=MAX(_xlfn._xlws.FILTER(Richardsonii!G$2:G1000, Richardsonii!G$2:G1000<>""))} -> 0.73 | F54: {=MAX(_xlfn._xlws.FILTER(Richardsonii!H$2:H1000, Richardsonii!H$2:H1000<>""))} -> 9.386 | G54: {=MAX(_xlfn._xlws.FILTER(Richardsonii!I$2:I1000, Richardsonii!I$2:I1000<>""))} -> 4.97 | H54: {=MAX(_xlfn._xlws.FILTER(Richardsonii!J$2:J1000, Richardsonii!J$2:J1000<>""))} -> 10.104 | I54: {=MAX(_xlfn._xlws.FILTER(Richardsonii!K$2:K1000, Richardsonii!K$2:K1000<>""))} -> 5.289 | J54: {=MAX(_xlfn._xlws.FILTER(Richardsonii!L$2:L1000, Richardsonii!L$2:L1000<>""))} -> 3.949 | ... P54: {=MAX(_xlfn._xlws.FILTER(Richardsonii!R$2:R1000, Richardsonii!R$2:R1000<>""))} -> 673.574
A55: RICHARDSONII | B55: Full (absolute min) min–max (absolute max) mm | C55: ="(" & IF(MIN(Richardsonii!E$2:E$1000)<_xlfn.QUARTILE.INC(Richardsonii!E$2:E$1000,1)-1.5*(_xlfn.QUARTILE.INC(Richardsonii!E$2:E$1000,3)-_xlfn.QUARTILE.INC(Richardsonii!E$2:E$1000,1)),MIN(Richardsonii!E$2:E$1000),"") & ") " & _xlfn.MINIFS(Richardsonii!E$2:E$1000, Richardsonii!E$2:E$1000, ">=" & _xlfn.QUARTILE.INC(Richardsonii!E$2:E$1000,1)-1.5*(_xlfn.QUARTILE.INC(Richardsonii!E$2:E$1000,3)-_xlfn.QUARTILE.INC(Richardsonii!E$2:E$1000,1)), Richardsonii!E$2:E$1000, "<=" & _xlfn.QUARTILE.INC(Richardsonii!E$2:E$1000,3)+1.5*(_xlfn.QUARTILE.INC(Richardsonii!E$2:E$1000,3)-_xlfn.QUARTILE.INC(Richardsonii!E$2:E$1000,1))) & "–" & _xlfn.MAXIFS(Richardsonii!E$2:E$1000, Richardsonii!E$2:E$1000, ">=" & _xlfn.QUARTILE.INC(Richardsonii!E$2:E$1000,1)-1.5*(_xlfn.QUARTILE.INC(Richardsonii!E$2:E$1000,3)-_xlfn.QUARTILE.INC(Richardsonii!E$2:E$1000,1)), Richardsonii!E$2:E$1000, "<=" & _xlfn.QUARTILE.INC(Richardsonii!E$2:E$1000,3)+1.5*(_xlfn.QUARTILE.INC(Richardsonii!E$2:E$1000,3)-_xlfn.QUARTILE.INC(Richardsonii!E$2:E$1000,1))) & " (" & IF(MAX(Richardsonii!E$2:E$1000)>_xlfn.QUARTILE.INC(Richardsonii!E$2:E$1000,3)+1.5*(_xlfn.QUARTILE.INC(Richardsonii!E$2:E$1000,3)-_xlfn.QUARTILE.INC(Richardsonii!E$2:E$1000,1)),MAX(Richardsonii!E$2:E$1000),"") & ") mm" -> (0) 0.707–1.79 (2.57) mm | D55: ="(" & IF(MIN(Richardsonii!F$2:F$1000)<_xlfn.QUARTILE.INC(Richardsonii!F$2:F$1000,1)-1.5*(_xlfn.QUARTILE.INC(Richardsonii!F$2:F$1000,3)-_xlfn.QUARTILE.INC(Richardsonii!F$2:F$1000,1)),MIN(Richardsonii!F$2:F$1000),"") & ") " & _xlfn.MINIFS(Richardsonii!F$2:F$1000, Richardsonii!F$2:F$1000, ">=" & _xlfn.QUARTILE.INC(Richardsonii!F$2:F$1000,1)-1.5*(_xlfn.QUARTILE.INC(Richardsonii!F$2:F$1000,3)-_xlfn.QUARTILE.INC(Richardsonii!F$2:F$1000,1)), Richardsonii!F$2:F$1000, "<=" & _xlfn.QUARTILE.INC(Richardsonii!F$2:F$1000,3)+1.5*(_xlfn.QUARTILE.INC(Richardsonii!F$2:F$1000,3)-_xlfn.QUARTILE.INC(Richardsonii!F$2:F$1000,1))) & "–" & _xlfn.MAXIFS(Richardsonii!F$2:F$1000, Richardsonii!F$2:F$1000, ">=" & _xlfn.QUARTILE.INC(Richardsonii!F$2:F$1000,1)-1.5*(_xlfn.QUARTILE.INC(Richardsonii!F$2:F$1000,3)-_xlfn.QUARTILE.INC(Richardsonii!F$2:F$1000,1)), Richardsonii!F$2:F$1000, "<=" & _xlfn.QUARTILE.INC(Richardsonii!F$2:F$1000,3)+1.5*(_xlfn.QUARTILE.INC(Richardsonii!F$2:F$1000,3)-_xlfn.QUARTILE.INC(Richardsonii!F$2:F$1000,1))) & " (" & IF(MAX(Richardsonii!F$2:F$1000)>_xlfn.QUARTILE.INC(Richardsonii!F$2:F$1000,3)+1.5*(_xlfn.QUARTILE.INC(Richardsonii!F$2:F$1000,3)-_xlfn.QUARTILE.INC(Richardsonii!F$2:F$1000,1)),MAX(Richardsonii!F$2:F$1000),"") & ") mm" -> () 0–1.22 () mm | E55: ="(" & IF(MIN(Richardsonii!G$2:G$1000)<_xlfn.QUARTILE.INC(Richardsonii!G$2:G$1000,1)-1.5*(_xlfn.QUARTILE.INC(Richardsonii!G$2:G$1000,3)-_xlfn.QUARTILE.INC(Richardsonii!G$2:G$1000,1)),MIN(Richardsonii!G$2:G$1000),"") & ") " & _xlfn.MINIFS(Richardsonii!G$2:G$1000, Richardsonii!G$2:G$1000, ">=" & _xlfn.QUARTILE.INC(Richardsonii!G$2:G$1000,1)-1.5*(_xlfn.QUARTILE.INC(Richardsonii!G$2:G$1000,3)-_xlfn.QUARTILE.INC(Richardsonii!G$2:G$1000,1)), Richardsonii!G$2:G$1000, "<=" & _xlfn.QUARTILE.INC(Richardsonii!G$2:G$1000,3)+1.5*(_xlfn.QUARTILE.INC(Richardsonii!G$2:G$1000,3)-_xlfn.QUARTILE.INC(Richardsonii!G$2:G$1000,1))) & "–" & _xlfn.MAXIFS(Richardsonii!G$2:G$1000, Richardsonii!G$2:G$1000, ">=" & _xlfn.QUARTILE.INC(Richardsonii!G$2:G$1000,1)-1.5*(_xlfn.QUARTILE.INC(Richardsonii!G$2:G$1000,3)-_xlfn.QUARTILE.INC(Richardsonii!G$2:G$1000,1)), Richardsonii!G$2:G$1000, "<=" & _xlfn.QUARTILE.INC(Richardsonii!G$2:G$1000,3)+1.5*(_xlfn.QUARTILE.INC(Richardsonii!G$2:G$1000,3)-_xlfn.QUARTILE.INC(Richardsonii!G$2:G$1000,1))) & " (" & IF(MAX(Richardsonii!G$2:G$1000)>_xlfn.QUARTILE.INC(Richardsonii!G$2:G$1000,3)+1.5*(_xlfn.QUARTILE.INC(Richardsonii!G$2:G$1000,3)-_xlfn.QUARTILE.INC(Richardsonii!G$2:G$1000,1)),MAX(Richardsonii!G$2:G$1000),"") & ") mm" -> () 0–0 (0.73) mm | F55: ="(" & IF(MIN(Richardsonii!H$2:H$1000)<_xlfn.QUARTILE.INC(Richardsonii!H$2:H$1000,1)-1.5*(_xlfn.QUARTILE.INC(Richardsonii!H$2:H$1000,3)-_xlfn.QUARTILE.INC(Richardsonii!H$2:H$1000,1)),MIN(Richardsonii!H$2:H$1000),"") & ") " & _xlfn.MINIFS(Richardsonii!H$2:H$1000, Richardsonii!H$2:H$1000, ">=" & _xlfn.QUARTILE.INC(Richardsonii!H$2:H$1000,1)-1.5*(_xlfn.QUARTILE.INC(Richardsonii!H$2:H$1000,3)-_xlfn.QUARTILE.INC(Richardsonii!H$2:H$1000,1)), Richardsonii!H$2:H$1000, "<=" & _xlfn.QUARTILE.INC(Richardsonii!H$2:H$1000,3)+1.5*(_xlfn.QUARTILE.INC(Richardsonii!H$2:H$1000,3)-_xlfn.QUARTILE.INC(Richardsonii!H$2:H$1000,1))) & "–" & _xlfn.MAXIFS(Richardsonii!H$2:H$1000, Richardsonii!H$2:H$1000, ">=" & _xlfn.QUARTILE.INC(Richardsonii!H$2:H$1000,1)-1.5*(_xlfn.QUARTILE.INC(Richardsonii!H$2:H$1000,3)-_xlfn.QUARTILE.INC(Richardsonii!H$2:H$1000,1)), Richardsonii!H$2:H$1000, "<=" & _xlfn.QUARTILE.INC(Richardsonii!H$2:H$1000,3)+1.5*(_xlfn.QUARTILE.INC(Richardsonii!H$2:H$1000,3)-_xlfn.QUARTILE.INC(Richardsonii!H$2:H$1000,1))) & " (" & IF(MAX(Richardsonii!H$2:H$1000)>_xlfn.QUARTILE.INC(Richardsonii!H$2:H$1000,3)+1.5*(_xlfn.QUARTILE.INC(Richardsonii!H$2:H$1000,3)-_xlfn.QUARTILE.INC(Richardsonii!H$2:H$1000,1)),MAX(Richardsonii!H$2:H$1000),"") & ") mm" -> () 1.09–6.228 (9.386) mm | G55: ="(" & IF(MIN(Richardsonii!I$2:I$1000)<_xlfn.QUARTILE.INC(Richardsonii!I$2:I$1000,1)-1.5*(_xlfn.QUARTILE.INC(Richardsonii!I$2:I$1000,3)-_xlfn.QUARTILE.INC(Richardsonii!I$2:I$1000,1)),MIN(Richardsonii!I$2:I$1000),"") & ") " & _xlfn.MINIFS(Richardsonii!I$2:I$1000, Richardsonii!I$2:I$1000, ">=" & _xlfn.QUARTILE.INC(Richardsonii!I$2:I$1000,1)-1.5*(_xlfn.QUARTILE.INC(Richardsonii!I$2:I$1000,3)-_xlfn.QUARTILE.INC(Richardsonii!I$2:I$1000,1)), Richardsonii!I$2:I$1000, "<=" & _xlfn.QUARTILE.INC(Richardsonii!I$2:I$1000,3)+1.5*(_xlfn.QUARTILE.INC(Richardsonii!I$2:I$1000,3)-_xlfn.QUARTILE.INC(Richardsonii!I$2:I$1000,1))) & "–" & _xlfn.MAXIFS(Richardsonii!I$2:I$1000, Richardsonii!I$2:I$1000, ">=" & _xlfn.QUARTILE.INC(Richardsonii!I$2:I$1000,1)-1.5*(_xlfn.QUARTILE.INC(Richardsonii!I$2:I$1000,3)-_xlfn.QUARTILE.INC(Richardsonii!I$2:I$1000,1)), Richardsonii!I$2:I$1000, "<=" & _xlfn.QUARTILE.INC(Richardsonii!I$2:I$1000,3)+1.5*(_xlfn.QUARTILE.INC(Richardsonii!I$2:I$1000,3)-_xlfn.QUARTILE.INC(Richardsonii!I$2:I$1000,1))) & " (" & IF(MAX(Richardsonii!I$2:I$1000)>_xlfn.QUARTILE.INC(Richardsonii!I$2:I$1000,3)+1.5*(_xlfn.QUARTILE.INC(Richardsonii!I$2:I$1000,3)-_xlfn.QUARTILE.INC(Richardsonii!I$2:I$1000,1)),MAX(Richardsonii!I$2:I$1000),"") & ") mm" -> () 0.316–3.372 (4.97) mm | H55: ="(" & IF(MIN(Richardsonii!J$2:J$1000)<_xlfn.QUARTILE.INC(Richardsonii!J$2:J$1000,1)-1.5*(_xlfn.QUARTILE.INC(Richardsonii!J$2:J$1000,3)-_xlfn.QUARTILE.INC(Richardsonii!J$2:J$1000,1)),MIN(Richardsonii!J$2:J$1000),"") & ") " & _xlfn.MINIFS(Richardsonii!J$2:J$1000, Richardsonii!J$2:J$1000, ">=" & _xlfn.QUARTILE.INC(Richardsonii!J$2:J$1000,1)-1.5*(_xlfn.QUARTILE.INC(Richardsonii!J$2:J$1000,3)-_xlfn.QUARTILE.INC(Richardsonii!J$2:J$1000,1)), Richardsonii!J$2:J$1000, "<=" & _xlfn.QUARTILE.INC(Richardsonii!J$2:J$1000,3)+1.5*(_xlfn.QUARTILE.INC(Richardsonii!J$2:J$1000,3)-_xlfn.QUARTILE.INC(Richardsonii!J$2:J$1000,1))) & "–" & _xlfn.MAXIFS(Richardsonii!J$2:J$1000, Richardsonii!J$2:J$1000, ">=" & _xlfn.QUARTILE.INC(Richardsonii!J$2:J$1000,1)-1.5*(_xlfn.QUARTILE.INC(Richardsonii!J$2:J$1000,3)-_xlfn.QUARTILE.INC(Richardsonii!J$2:J$1000,1)), Richardsonii!J$2:J$1000, "<=" & _xlfn.QUARTILE.INC(Richardsonii!J$2:J$1000,3)+1.5*(_xlfn.QUARTILE.INC(Richardsonii!J$2:J$1000,3)-_xlfn.QUARTILE.INC(Richardsonii!J$2:J$1000,1))) & " (" & IF(MAX(Richardsonii!J$2:J$1000)>_xlfn.QUARTILE.INC(Richardsonii!J$2:J$1000,3)+1.5*(_xlfn.QUARTILE.INC(Richardsonii!J$2:J$1000,3)-_xlfn.QUARTILE.INC(Richardsonii!J$2:J$1000,1)),MAX(Richardsonii!J$2:J$1000),"") & ") mm" -> () 2.784–10.104 () mm | I55: ="(" & IF(MIN(Richardsonii!K$2:K$1000)<_xlfn.QUARTILE.INC(Richardsonii!K$2:K$1000,1)-1.5*(_xlfn.QUARTILE.INC(Richardsonii!K$2:K$1000,3)-_xlfn.QUARTILE.INC(Richardsonii!K$2:K$1000,1)),MIN(Richardsonii!K$2:K$1000),"") & ") " & _xlfn.MINIFS(Richardsonii!K$2:K$1000, Richardsonii!K$2:K$1000, ">=" & _xlfn.QUARTILE.INC(Richardsonii!K$2:K$1000,1)-1.5*(_xlfn.QUARTILE.INC(Richardsonii!K$2:K$1000,3)-_xlfn.QUARTILE.INC(Richardsonii!K$2:K$1000,1)), Richardsonii!K$2:K$1000, "<=" & _xlfn.QUARTILE.INC(Richardsonii!K$2:K$1000,3)+1.5*(_xlfn.QUARTILE.INC(Richardsonii!K$2:K$1000,3)-_xlfn.QUARTILE.INC(Richardsonii!K$2:K$1000,1))) & "–" & _xlfn.MAXIFS(Richardsonii!K$2:K$1000, Richardsonii!K$2:K$1000, ">=" & _xlfn.QUARTILE.INC(Richardsonii!K$2:K$1000,1)-1.5*(_xlfn.QUARTILE.INC(Richardsonii!K$2:K$1000,3)-_xlfn.QUARTILE.INC(Richardsonii!K$2:K$1000,1)), Richardsonii!K$2:K$1000, "<=" & _xlfn.QUARTILE.INC(Richardsonii!K$2:K$1000,3)+1.5*(_xlfn.QUARTILE.INC(Richardsonii!K$2:K$1000,3)-_xlfn.QUARTILE.INC(Richardsonii!K$2:K$1000,1))) & " (" & IF(MAX(Richardsonii!K$2:K$1000)>_xlfn.QUARTILE.INC(Richardsonii!K$2:K$1000,3)+1.5*(_xlfn.QUARTILE.INC(Richardsonii!K$2:K$1000,3)-_xlfn.QUARTILE.INC(Richardsonii!K$2:K$1000,1)),MAX(Richardsonii!K$2:K$1000),"") & ") mm" -> (1.655) 1.8–5.289 () mm | J55: ="(" & IF(MIN(Richardsonii!L$2:L$1000)<_xlfn.QUARTILE.INC(Richardsonii!L$2:L$1000,1)-1.5*(_xlfn.QUARTILE.INC(Richardsonii!L$2:L$1000,3)-_xlfn.QUARTILE.INC(Richardsonii!L$2:L$1000,1)),MIN(Richardsonii!L$2:L$1000),"") & ") " & _xlfn.MINIFS(Richardsonii!L$2:L$1000, Richardsonii!L$2:L$1000, ">=" & _xlfn.QUARTILE.INC(Richardsonii!L$2:L$1000,1)-1.5*(_xlfn.QUARTILE.INC(Richardsonii!L$2:L$1000,3)-_xlfn.QUARTILE.INC(Richardsonii!L$2:L$1000,1)), Richardsonii!L$2:L$1000, "<=" & _xlfn.QUARTILE.INC(Richardsonii!L$2:L$1000,3)+1.5*(_xlfn.QUARTILE.INC(Richardsonii!L$2:L$1000,3)-_xlfn.QUARTILE.INC(Richardsonii!L$2:L$1000,1))) & "–" & _xlfn.MAXIFS(Richardsonii!L$2:L$1000, Richardsonii!L$2:L$1000, ">=" & _xlfn.QUARTILE.INC(Richardsonii!L$2:L$1000,1)-1.5*(_xlfn.QUARTILE.INC(Richardsonii!L$2:L$1000,3)-_xlfn.QUARTILE.INC(Richardsonii!L$2:L$1000,1)), Richardsonii!L$2:L$1000, "<=" & _xlfn.QUARTILE.INC(Richardsonii!L$2:L$1000,3)+1.5*(_xlfn.QUARTILE.INC(Richardsonii!L$2:L$1000,3)-_xlfn.QUARTILE.INC(Richardsonii!L$2:L$1000,1))) & " (" & IF(MAX(Richardsonii!L$2:L$1000)>_xlfn.QUARTILE.INC(Richardsonii!L$2:L$1000,3)+1.5*(_xlfn.QUARTILE.INC(Richardsonii!L$2:L$1000,3)-_xlfn.QUARTILE.INC(Richardsonii!L$2:L$1000,1)),MAX(Richardsonii!L$2:L$1000),"") & ") mm" -> () 0.78–3.949 () mm | ... P55: ="(" & IF(MIN(Richardsonii!R$2:R$1000)<_xlfn.QUARTILE.INC(Richardsonii!R$2:R$1000,1)-1.5*(_xlfn.QUARTILE.INC(Richardsonii!R$2:R$1000,3)-_xlfn.QUARTILE.INC(Richardsonii!R$2:R$1000,1)),MIN(Richardsonii!R$2:R$1000),"") & ") " & _xlfn.MINIFS(Richardsonii!R$2:R$1000, Richardsonii!R$2:R$1000, ">=" & _xlfn.QUARTILE.INC(Richardsonii!R$2:R$1000,1)-1.5*(_xlfn.QUARTILE.INC(Richardsonii!R$2:R$1000,3)-_xlfn.QUARTILE.INC(Richardsonii!R$2:R$1000,1)), Richardsonii!R$2:R$1000, "<=" & _xlfn.QUARTILE.INC(Richardsonii!R$2:R$1000,3)+1.5*(_xlfn.QUARTILE.INC(Richardsonii!R$2:R$1000,3)-_xlfn.QUARTILE.INC(Richardsonii!R$2:R$1000,1))) & "–" & _xlfn.MAXIFS(Richardsonii!R$2:R$1000, Richardsonii!R$2:R$1000, ">=" & _xlfn.QUARTILE.INC(Richardsonii!R$2:R$1000,1)-1.5*(_xlfn.QUARTILE.INC(Richardsonii!R$2:R$1000,3)-_xlfn.QUARTILE.INC(Richardsonii!R$2:R$1000,1)), Richardsonii!R$2:R$1000, "<=" & _xlfn.QUARTILE.INC(Richardsonii!R$2:R$1000,3)+1.5*(_xlfn.QUARTILE.INC(Richardsonii!R$2:R$1000,3)-_xlfn.QUARTILE.INC(Richardsonii!R$2:R$1000,1))) & " (" & IF(MAX(Richardsonii!R$2:R$1000)>_xlfn.QUARTILE.INC(Richardsonii!R$2:R$1000,3)+1.5*(_xlfn.QUARTILE.INC(Richardsonii!R$2:R$1000,3)-_xlfn.QUARTILE.INC(Richardsonii!R$2:R$1000,1)),MAX(Richardsonii!R$2:R$1000),"") & ") mm" -> () 272.047–609.68 (673.574) mm
A56: HIRSUTICAULIS | B56: Q1 | C56: {=_xlfn.QUARTILE.INC(_xlfn._xlws.FILTER(Hirsuticaulis!E$2:E1000, Hirsuticaulis!E$2:E1000<>""), 1)} -> 1.21425 | D56: {=_xlfn.QUARTILE.INC(_xlfn._xlws.FILTER(Hirsuticaulis!F$2:F1000, Hirsuticaulis!F$2:F1000<>""), 1)} -> 0.66625 | E56: {=_xlfn.QUARTILE.INC(_xlfn._xlws.FILTER(Hirsuticaulis!G$2:G1000, Hirsuticaulis!G$2:G1000<>""), 1)} -> 0 | F56: {=_xlfn.QUARTILE.INC(_xlfn._xlws.FILTER(Hirsuticaulis!H$2:H1000, Hirsuticaulis!H$2:H1000<>""), 1)} -> 3.0645 | G56: {=_xlfn.QUARTILE.INC(_xlfn._xlws.FILTER(Hirsuticaulis!I$2:I1000, Hirsuticaulis!I$2:I1000<>""), 1)} -> 0.924 | H56: {=_xlfn.QUARTILE.INC(_xlfn._xlws.FILTER(Hirsuticaulis!J$2:J1000, Hirsuticaulis!J$2:J1000<>""), 1)} -> 3.433 | I56: {=_xlfn.QUARTILE.INC(_xlfn._xlws.FILTER(Hirsuticaulis!K$2:K1000, Hirsuticaulis!K$2:K1000<>""), 1)} -> 1.14375 | J56: {=_xlfn.QUARTILE.INC(_xlfn._xlws.FILTER(Hirsuticaulis!L$2:L1000, Hirsuticaulis!L$2:L1000<>""), 1)} -> 0.86675 | ... P56: {=_xlfn.QUARTILE.INC(_xlfn._xlws.FILTER(Hirsuticaulis!R$2:R1000, Hirsuticaulis!R$2:R1000<>""), 1)} -> 457.93675
A57: HIRSUTICAULIS | B57: Q2 (median) | C57: {=_xlfn.QUARTILE.INC(_xlfn._xlws.FILTER(Hirsuticaulis!E$2:E1000, Hirsuticaulis!E$2:E1000<>""), 2)} -> 1.5625 | D57: {=_xlfn.QUARTILE.INC(_xlfn._xlws.FILTER(Hirsuticaulis!F$2:F1000, Hirsuticaulis!F$2:F1000<>""), 2)} -> 0.8315 | E57: {=_xlfn.QUARTILE.INC(_xlfn._xlws.FILTER(Hirsuticaulis!G$2:G1000, Hirsuticaulis!G$2:G1000<>""), 2)} -> 0 | F57: {=_xlfn.QUARTILE.INC(_xlfn._xlws.FILTER(Hirsuticaulis!H$2:H1000, Hirsuticaulis!H$2:H1000<>""), 2)} -> 4.342 | G57: {=_xlfn.QUARTILE.INC(_xlfn._xlws.FILTER(Hirsuticaulis!I$2:I1000, Hirsuticaulis!I$2:I1000<>""), 2)} -> 1.406 | H57: {=_xlfn.QUARTILE.INC(_xlfn._xlws.FILTER(Hirsuticaulis!J$2:J1000, Hirsuticaulis!J$2:J1000<>""), 2)} -> 3.855 | I57: {=_xlfn.QUARTILE.INC(_xlfn._xlws.FILTER(Hirsuticaulis!K$2:K1000, Hirsuticaulis!K$2:K1000<>""), 2)} -> 1.3785 | J57: {=_xlfn.QUARTILE.INC(_xlfn._xlws.FILTER(Hirsuticaulis!L$2:L1000, Hirsuticaulis!L$2:L1000<>""), 2)} -> 1.0975 | ... P57: {=_xlfn.QUARTILE.INC(_xlfn._xlws.FILTER(Hirsuticaulis!R$2:R1000, Hirsuticaulis!R$2:R1000<>""), 2)} -> 651.484
A58: HIRSUTICAULIS | B58: Q3 | C58: {=_xlfn.QUARTILE.INC(_xlfn._xlws.FILTER(Hirsuticaulis!E$2:E1000, Hirsuticaulis!E$2:E1000<>""), 3)} -> 1.92525 | D58: {=_xlfn.QUARTILE.INC(_xlfn._xlws.FILTER(Hirsuticaulis!F$2:F1000, Hirsuticaulis!F$2:F1000<>""), 3)} -> 1.05075 | E58: {=_xlfn.QUARTILE.INC(_xlfn._xlws.FILTER(Hirsuticaulis!G$2:G1000, Hirsuticaulis!G$2:G1000<>""), 3)} -> 0.898 | F58: {=_xlfn.QUARTILE.INC(_xlfn._xlws.FILTER(Hirsuticaulis!H$2:H1000, Hirsuticaulis!H$2:H1000<>""), 3)} -> 5.445 | G58: {=_xlfn.QUARTILE.INC(_xlfn._xlws.FILTER(Hirsuticaulis!I$2:I1000, Hirsuticaulis!I$2:I1000<>""), 3)} -> 2.085 | H58: {=_xlfn.QUARTILE.INC(_xlfn._xlws.FILTER(Hirsuticaulis!J$2:J1000, Hirsuticaulis!J$2:J1000<>""), 3)} -> 4.31225 | I58: {=_xlfn.QUARTILE.INC(_xlfn._xlws.FILTER(Hirsuticaulis!K$2:K1000, Hirsuticaulis!K$2:K1000<>""), 3)} -> 1.58725 | J58: {=_xlfn.QUARTILE.INC(_xlfn._xlws.FILTER(Hirsuticaulis!L$2:L1000, Hirsuticaulis!L$2:L1000<>""), 3)} -> 1.419 | ... P58: {=_xlfn.QUARTILE.INC(_xlfn._xlws.FILTER(Hirsuticaulis!R$2:R1000, Hirsuticaulis!R$2:R1000<>""), 3)} -> 733.1645
A59: HIRSUTICAULIS | B59: IQR | C59: {=_xlfn.QUARTILE.INC(_xlfn._xlws.FILTER(Hirsuticaulis!E$2:E1000, Hirsuticaulis!E$2:E1000<>""), 3) - _xlfn.QUARTILE.INC(_xlfn._xlws.FILTER(Hirsuticaulis!E$2:E1000, Hirsuticaulis!E$2:E1000<>""), 1)} -> 0.711 | D59: {=_xlfn.QUARTILE.INC(_xlfn._xlws.FILTER(Hirsuticaulis!F$2:F1000, Hirsuticaulis!F$2:F1000<>""), 3) - _xlfn.QUARTILE.INC(_xlfn._xlws.FILTER(Hirsuticaulis!F$2:F1000, Hirsuticaulis!F$2:F1000<>""), 1)} -> 0.3845 | E59: {=_xlfn.QUARTILE.INC(_xlfn._xlws.FILTER(Hirsuticaulis!G$2:G1000, Hirsuticaulis!G$2:G1000<>""), 3) - _xlfn.QUARTILE.INC(_xlfn._xlws.FILTER(Hirsuticaulis!G$2:G1000, Hirsuticaulis!G$2:G1000<>""), 1)} -> 0.898 | F59: {=_xlfn.QUARTILE.INC(_xlfn._xlws.FILTER(Hirsuticaulis!H$2:H1000, Hirsuticaulis!H$2:H1000<>""), 3) - _xlfn.QUARTILE.INC(_xlfn._xlws.FILTER(Hirsuticaulis!H$2:H1000, Hirsuticaulis!H$2:H1000<>""), 1)} -> 2.3805 | G59: {=_xlfn.QUARTILE.INC(_xlfn._xlws.FILTER(Hirsuticaulis!I$2:I1000, Hirsuticaulis!I$2:I1000<>""), 3) - _xlfn.QUARTILE.INC(_xlfn._xlws.FILTER(Hirsuticaulis!I$2:I1000, Hirsuticaulis!I$2:I1000<>""), 1)} -> 1.161 | H59: {=_xlfn.QUARTILE.INC(_xlfn._xlws.FILTER(Hirsuticaulis!J$2:J1000, Hirsuticaulis!J$2:J1000<>""), 3) - _xlfn.QUARTILE.INC(_xlfn._xlws.FILTER(Hirsuticaulis!J$2:J1000, Hirsuticaulis!J$2:J1000<>""), 1)} -> 0.87925 | I59: {=_xlfn.QUARTILE.INC(_xlfn._xlws.FILTER(Hirsuticaulis!K$2:K1000, Hirsuticaulis!K$2:K1000<>""), 3) - _xlfn.QUARTILE.INC(_xlfn._xlws.FILTER(Hirsuticaulis!K$2:K1000, Hirsuticaulis!K$2:K1000<>""), 1)} -> 0.4435 | J59: {=_xlfn.QUARTILE.INC(_xlfn._xlws.FILTER(Hirsuticaulis!L$2:L1000, Hirsuticaulis!L$2:L1000<>""), 3) - _xlfn.QUARTILE.INC(_xlfn._xlws.FILTER(Hirsuticaulis!L$2:L1000, Hirsuticaulis!L$2:L1000<>""), 1)} -> 0.55225 | ... P59: {=_xlfn.QUARTILE.INC(_xlfn._xlws.FILTER(Hirsuticaulis!R$2:R1000, Hirsuticaulis!R$2:R1000<>""), 3) - _xlfn.QUARTILE.INC(_xlfn._xlws.FILTER(Hirsuticaulis!R$2:R1000, Hirsuticaulis!R$2:R1000<>""), 1)} -> 275.22775
A60: HIRSUTICAULIS | B60: Lower fence | C60: {=_xlfn.QUARTILE.INC(_xlfn._xlws.FILTER(Hirsuticaulis!E$2:E1000, Hirsuticaulis!E$2:E1000<>""), 1) - 1.5*(_xlfn.QUARTILE.INC(_xlfn._xlws.FILTER(Hirsuticaulis!E$2:E1000, Hirsuticaulis!E$2:E1000<>""), 3) - _xlfn.QUARTILE.INC(_xlfn._xlws.FILTER(Hirsuticaulis!E$2:E1000, Hirsuticaulis!E$2:E1000<>""), 1))} -> 0.14775 | D60: {=_xlfn.QUARTILE.INC(_xlfn._xlws.FILTER(Hirsuticaulis!F$2:F1000, Hirsuticaulis!F$2:F1000<>""), 1) - 1.5*(_xlfn.QUARTILE.INC(_xlfn._xlws.FILTER(Hirsuticaulis!F$2:F1000, Hirsuticaulis!F$2:F1000<>""), 3) - _xlfn.QUARTILE.INC(_xlfn._xlws.FILTER(Hirsuticaulis!F$2:F1000, Hirsuticaulis!F$2:F1000<>""), 1))} -> 0.0895 | E60: {=_xlfn.QUARTILE.INC(_xlfn._xlws.FILTER(Hirsuticaulis!G$2:G1000, Hirsuticaulis!G$2:G1000<>""), 1) - 1.5*(_xlfn.QUARTILE.INC(_xlfn._xlws.FILTER(Hirsuticaulis!G$2:G1000, Hirsuticaulis!G$2:G1000<>""), 3) - _xlfn.QUARTILE.INC(_xlfn._xlws.FILTER(Hirsuticaulis!G$2:G1000, Hirsuticaulis!G$2:G1000<>""), 1))} -> -1.347 | F60: {=_xlfn.QUARTILE.INC(_xlfn._xlws.FILTER(Hirsuticaulis!H$2:H1000, Hirsuticaulis!H$2:H1000<>""), 1) - 1.5*(_xlfn.QUARTILE.INC(_xlfn._xlws.FILTER(Hirsuticaulis!H$2:H1000, Hirsuticaulis!H$2:H1000<>""), 3) - _xlfn.QUARTILE.INC(_xlfn._xlws.FILTER(Hirsuticaulis!H$2:H1000, Hirsuticaulis!H$2:H1000<>""), 1))} -> -0.50625 | G60: {=_xlfn.QUARTILE.INC(_xlfn._xlws.FILTER(Hirsuticaulis!I$2:I1000, Hirsuticaulis!I$2:I1000<>""), 1) - 1.5*(_xlfn.QUARTILE.INC(_xlfn._xlws.FILTER(Hirsuticaulis!I$2:I1000, Hirsuticaulis!I$2:I1000<>""), 3) - _xlfn.QUARTILE.INC(_xlfn._xlws.FILTER(Hirsuticaulis!I$2:I1000, Hirsuticaulis!I$2:I1000<>""), 1))} -> -0.8175 | H60: {=_xlfn.QUARTILE.INC(_xlfn._xlws.FILTER(Hirsuticaulis!J$2:J1000, Hirsuticaulis!J$2:J1000<>""), 1) - 1.5*(_xlfn.QUARTILE.INC(_xlfn._xlws.FILTER(Hirsuticaulis!J$2:J1000, Hirsuticaulis!J$2:J1000<>""), 3) - _xlfn.QUARTILE.INC(_xlfn._xlws.FILTER(Hirsuticaulis!J$2:J1000, Hirsuticaulis!J$2:J1000<>""), 1))} -> 2.114125 | I60: {=_xlfn.QUARTILE.INC(_xlfn._xlws.FILTER(Hirsuticaulis!K$2:K1000, Hirsuticaulis!K$2:K1000<>""), 1) - 1.5*(_xlfn.QUARTILE.INC(_xlfn._xlws.FILTER(Hirsuticaulis!K$2:K1000, Hirsuticaulis!K$2:K1000<>""), 3) - _xlfn.QUARTILE.INC(_xlfn._xlws.FILTER(Hirsuticaulis!K$2:K1000, Hirsuticaulis!K$2:K1000<>""), 1))} -> 0.4785 | J60: {=_xlfn.QUARTILE.INC(_xlfn._xlws.FILTER(Hirsuticaulis!L$2:L1000, Hirsuticaulis!L$2:L1000<>""), 1) - 1.5*(_xlfn.QUARTILE.INC(_xlfn._xlws.FILTER(Hirsuticaulis!L$2:L1000, Hirsuticaulis!L$2:L1000<>""), 3) - _xlfn.QUARTILE.INC(_xlfn._xlws.FILTER(Hirsuticaulis!L$2:L1000, Hirsuticaulis!L$2:L1000<>""), 1))} -> 0.038375 | ... P60: {=_xlfn.QUARTILE.INC(_xlfn._xlws.FILTER(Hirsuticaulis!R$2:R1000, Hirsuticaulis!R$2:R1000<>""), 1) - 1.5*(_xlfn.QUARTILE.INC(_xlfn._xlws.FILTER(Hirsuticaulis!R$2:R1000, Hirsuticaulis!R$2:R1000<>""), 3) - _xlfn.QUARTILE.INC(_xlfn._xlws.FILTER(Hirsuticaulis!R$2:R1000, Hirsuticaulis!R$2:R1000<>""), 1))} -> 45.095125
A61: HIRSUTICAULIS | B61: Upper fence | C61: {=_xlfn.QUARTILE.INC(_xlfn._xlws.FILTER(Hirsuticaulis!E$2:E1000, Hirsuticaulis!E$2:E1000<>""), 3) + 1.5*(_xlfn.QUARTILE.INC(_xlfn._xlws.FILTER(Hirsuticaulis!E$2:E1000, Hirsuticaulis!E$2:E1000<>""), 3) - _xlfn.QUARTILE.INC(_xlfn._xlws.FILTER(Hirsuticaulis!E$2:E1000, Hirsuticaulis!E$2:E1000<>""), 1))} -> 2.99175 | D61: {=_xlfn.QUARTILE.INC(_xlfn._xlws.FILTER(Hirsuticaulis!F$2:F1000, Hirsuticaulis!F$2:F1000<>""), 3) + 1.5*(_xlfn.QUARTILE.INC(_xlfn._xlws.FILTER(Hirsuticaulis!F$2:F1000, Hirsuticaulis!F$2:F1000<>""), 3) - _xlfn.QUARTILE.INC(_xlfn._xlws.FILTER(Hirsuticaulis!F$2:F1000, Hirsuticaulis!F$2:F1000<>""), 1))} -> 1.6275 | E61: {=_xlfn.QUARTILE.INC(_xlfn._xlws.FILTER(Hirsuticaulis!G$2:G1000, Hirsuticaulis!G$2:G1000<>""), 3) + 1.5*(_xlfn.QUARTILE.INC(_xlfn._xlws.FILTER(Hirsuticaulis!G$2:G1000, Hirsuticaulis!G$2:G1000<>""), 3) - _xlfn.QUARTILE.INC(_xlfn._xlws.FILTER(Hirsuticaulis!G$2:G1000, Hirsuticaulis!G$2:G1000<>""), 1))} -> 2.245 | F61: {=_xlfn.QUARTILE.INC(_xlfn._xlws.FILTER(Hirsuticaulis!H$2:H1000, Hirsuticaulis!H$2:H1000<>""), 3) + 1.5*(_xlfn.QUARTILE.INC(_xlfn._xlws.FILTER(Hirsuticaulis!H$2:H1000, Hirsuticaulis!H$2:H1000<>""), 3) - _xlfn.QUARTILE.INC(_xlfn._xlws.FILTER(Hirsuticaulis!H$2:H1000, Hirsuticaulis!H$2:H1000<>""), 1))} -> 9.01575 | G61: {=_xlfn.QUARTILE.INC(_xlfn._xlws.FILTER(Hirsuticaulis!I$2:I1000, Hirsuticaulis!I$2:I1000<>""), 3) + 1.5*(_xlfn.QUARTILE.INC(_xlfn._xlws.FILTER(Hirsuticaulis!I$2:I1000, Hirsuticaulis!I$2:I1000<>""), 3) - _xlfn.QUARTILE.INC(_xlfn._xlws.FILTER(Hirsuticaulis!I$2:I1000, Hirsuticaulis!I$2:I1000<>""), 1))} -> 3.8265 | H61: {=_xlfn.QUARTILE.INC(_xlfn._xlws.FILTER(Hirsuticaulis!J$2:J1000, Hirsuticaulis!J$2:J1000<>""), 3) + 1.5*(_xlfn.QUARTILE.INC(_xlfn._xlws.FILTER(Hirsuticaulis!J$2:J1000, Hirsuticaulis!J$2:J1000<>""), 3) - _xlfn.QUARTILE.INC(_xlfn._xlws.FILTER(Hirsuticaulis!J$2:J1000, Hirsuticaulis!J$2:J1000<>""), 1))} -> 5.631125 | I61: {=_xlfn.QUARTILE.INC(_xlfn._xlws.FILTER(Hirsuticaulis!K$2:K1000, Hirsuticaulis!K$2:K1000<>""), 3) + 1.5*(_xlfn.QUARTILE.INC(_xlfn._xlws.FILTER(Hirsuticaulis!K$2:K1000, Hirsuticaulis!K$2:K1000<>""), 3) - _xlfn.QUARTILE.INC(_xlfn._xlws.FILTER(Hirsuticaulis!K$2:K1000, Hirsuticaulis!K$2:K1000<>""), 1))} -> 2.2525 | J61: {=_xlfn.QUARTILE.INC(_xlfn._xlws.FILTER(Hirsuticaulis!L$2:L1000, Hirsuticaulis!L$2:L1000<>""), 3) + 1.5*(_xlfn.QUARTILE.INC(_xlfn._xlws.FILTER(Hirsuticaulis!L$2:L1000, Hirsuticaulis!L$2:L1000<>""), 3) - _xlfn.QUARTILE.INC(_xlfn._xlws.FILTER(Hirsuticaulis!L$2:L1000, Hirsuticaulis!L$2:L1000<>""), 1))} -> 2.247375 | ... P61: {=_xlfn.QUARTILE.INC(_xlfn._xlws.FILTER(Hirsuticaulis!R$2:R1000, Hirsuticaulis!R$2:R1000<>""), 3) + 1.5*(_xlfn.QUARTILE.INC(_xlfn._xlws.FILTER(Hirsuticaulis!R$2:R1000, Hirsuticaulis!R$2:R1000<>""), 3) - _xlfn.QUARTILE.INC(_xlfn._xlws.FILTER(Hirsuticaulis!R$2:R1000, Hirsuticaulis!R$2:R1000<>""), 1))} -> 1146.0061
A62: HIRSUTICAULIS | B62: Absolute min | C62: {=MIN(_xlfn._xlws.FILTER(Hirsuticaulis!E$2:E1000, Hirsuticaulis!E$2:E1000<>""))} -> 0.609 | D62: {=MIN(_xlfn._xlws.FILTER(Hirsuticaulis!F$2:F1000, Hirsuticaulis!F$2:F1000<>""))} -> 0.323 | E62: {=MIN(_xlfn._xlws.FILTER(Hirsuticaulis!G$2:G1000, Hirsuticaulis!G$2:G1000<>""))} -> 0 | F62: {=MIN(_xlfn._xlws.FILTER(Hirsuticaulis!H$2:H1000, Hirsuticaulis!H$2:H1000<>""))} -> 0.958 | G62: {=MIN(_xlfn._xlws.FILTER(Hirsuticaulis!I$2:I1000, Hirsuticaulis!I$2:I1000<>""))} -> 0.114 | H62: {=MIN(_xlfn._xlws.FILTER(Hirsuticaulis!J$2:J1000, Hirsuticaulis!J$2:J1000<>""))} -> 2.34 | I62: {=MIN(_xlfn._xlws.FILTER(Hirsuticaulis!K$2:K1000, Hirsuticaulis!K$2:K1000<>""))} -> 0.695 | J62: {=MIN(_xlfn._xlws.FILTER(Hirsuticaulis!L$2:L1000, Hirsuticaulis!L$2:L1000<>""))} -> 0.444 | ... P62: {=MIN(_xlfn._xlws.FILTER(Hirsuticaulis!R$2:R1000, Hirsuticaulis!R$2:R1000<>""))} -> 173.565
A63: HIRSUTICAULIS | B63: Absolute max | C63: {=MAX(_xlfn._xlws.FILTER(Hirsuticaulis!E$2:E1000, Hirsuticaulis!E$2:E1000<>""))} -> 3.542 | D63: {=MAX(_xlfn._xlws.FILTER(Hirsuticaulis!F$2:F1000, Hirsuticaulis!F$2:F1000<>""))} -> 1.972 | E63: {=MAX(_xlfn._xlws.FILTER(Hirsuticaulis!G$2:G1000, Hirsuticaulis!G$2:G1000<>""))} -> 1.575 | F63: {=MAX(_xlfn._xlws.FILTER(Hirsuticaulis!H$2:H1000, Hirsuticaulis!H$2:H1000<>""))} -> 9.633 | G63: {=MAX(_xlfn._xlws.FILTER(Hirsuticaulis!I$2:I1000, Hirsuticaulis!I$2:I1000<>""))} -> 4.044 | H63: {=MAX(_xlfn._xlws.FILTER(Hirsuticaulis!J$2:J1000, Hirsuticaulis!J$2:J1000<>""))} -> 6.612 | I63: {=MAX(_xlfn._xlws.FILTER(Hirsuticaulis!K$2:K1000, Hirsuticaulis!K$2:K1000<>""))} -> 3.356 | J63: {=MAX(_xlfn._xlws.FILTER(Hirsuticaulis!L$2:L1000, Hirsuticaulis!L$2:L1000<>""))} -> 2.87 | ... P63: {=MAX(_xlfn._xlws.FILTER(Hirsuticaulis!R$2:R1000, Hirsuticaulis!R$2:R1000<>""))} -> 1052.388
A64: HIRSUTICAULIS | B64: Full (absolute min) min–max (absolute max) mm | C64: ="(" & IF(MIN(Hirsuticaulis!E$2:E$1000)<_xlfn.QUARTILE.INC(Hirsuticaulis!E$2:E$1000,1)-1.5*(_xlfn.QUARTILE.INC(Hirsuticaulis!E$2:E$1000,3)-_xlfn.QUARTILE.INC(Hirsuticaulis!E$2:E$1000,1)),MIN(Hirsuticaulis!E$2:E$1000),"") & ") " & _xlfn.MINIFS(Hirsuticaulis!E$2:E$1000, Hirsuticaulis!E$2:E$1000, ">=" & _xlfn.QUARTILE.INC(Hirsuticaulis!E$2:E$1000,1)-1.5*(_xlfn.QUARTILE.INC(Hirsuticaulis!E$2:E$1000,3)-_xlfn.QUARTILE.INC(Hirsuticaulis!E$2:E$1000,1)), Hirsuticaulis!E$2:E$1000, "<=" & _xlfn.QUARTILE.INC(Hirsuticaulis!E$2:E$1000,3)+1.5*(_xlfn.QUARTILE.INC(Hirsuticaulis!E$2:E$1000,3)-_xlfn.QUARTILE.INC(Hirsuticaulis!E$2:E$1000,1))) & "–" & _xlfn.MAXIFS(Hirsuticaulis!E$2:E$1000, Hirsuticaulis!E$2:E$1000, ">=" & _xlfn.QUARTILE.INC(Hirsuticaulis!E$2:E$1000,1)-1.5*(_xlfn.QUARTILE.INC(Hirsuticaulis!E$2:E$1000,3)-_xlfn.QUARTILE.INC(Hirsuticaulis!E$2:E$1000,1)), Hirsuticaulis!E$2:E$1000, "<=" & _xlfn.QUARTILE.INC(Hirsuticaulis!E$2:E$1000,3)+1.5*(_xlfn.QUARTILE.INC(Hirsuticaulis!E$2:E$1000,3)-_xlfn.QUARTILE.INC(Hirsuticaulis!E$2:E$1000,1))) & " (" & IF(MAX(Hirsuticaulis!E$2:E$1000)>_xlfn.QUARTILE.INC(Hirsuticaulis!E$2:E$1000,3)+1.5*(_xlfn.QUARTILE.INC(Hirsuticaulis!E$2:E$1000,3)-_xlfn.QUARTILE.INC(Hirsuticaulis!E$2:E$1000,1)),MAX(Hirsuticaulis!E$2:E$1000),"") & ") mm" -> () 0.609–2.76 (3.542) mm | D64: ="(" & IF(MIN(Hirsuticaulis!F$2:F$1000)<_xlfn.QUARTILE.INC(Hirsuticaulis!F$2:F$1000,1)-1.5*(_xlfn.QUARTILE.INC(Hirsuticaulis!F$2:F$1000,3)-_xlfn.QUARTILE.INC(Hirsuticaulis!F$2:F$1000,1)),MIN(Hirsuticaulis!F$2:F$1000),"") & ") " & _xlfn.MINIFS(Hirsuticaulis!F$2:F$1000, Hirsuticaulis!F$2:F$1000, ">=" & _xlfn.QUARTILE.INC(Hirsuticaulis!F$2:F$1000,1)-1.5*(_xlfn.QUARTILE.INC(Hirsuticaulis!F$2:F$1000,3)-_xlfn.QUARTILE.INC(Hirsuticaulis!F$2:F$1000,1)), Hirsuticaulis!F$2:F$1000, "<=" & _xlfn.QUARTILE.INC(Hirsuticaulis!F$2:F$1000,3)+1.5*(_xlfn.QUARTILE.INC(Hirsuticaulis!F$2:F$1000,3)-_xlfn.QUARTILE.INC(Hirsuticaulis!F$2:F$1000,1))) & "–" & _xlfn.MAXIFS(Hirsuticaulis!F$2:F$1000, Hirsuticaulis!F$2:F$1000, ">=" & _xlfn.QUARTILE.INC(Hirsuticaulis!F$2:F$1000,1)-1.5*(_xlfn.QUARTILE.INC(Hirsuticaulis!F$2:F$1000,3)-_xlfn.QUARTILE.INC(Hirsuticaulis!F$2:F$1000,1)), Hirsuticaulis!F$2:F$1000, "<=" & _xlfn.QUARTILE.INC(Hirsuticaulis!F$2:F$1000,3)+1.5*(_xlfn.QUARTILE.INC(Hirsuticaulis!F$2:F$1000,3)-_xlfn.QUARTILE.INC(Hirsuticaulis!F$2:F$1000,1))) & " (" & IF(MAX(Hirsuticaulis!F$2:F$1000)>_xlfn.QUARTILE.INC(Hirsuticaulis!F$2:F$1000,3)+1.5*(_xlfn.QUARTILE.INC(Hirsuticaulis!F$2:F$1000,3)-_xlfn.QUARTILE.INC(Hirsuticaulis!F$2:F$1000,1)),MAX(Hirsuticaulis!F$2:F$1000),"") & ") mm" -> () 0.323–1.603 (1.972) mm | E64: ="(" & IF(MIN(Hirsuticaulis!G$2:G$1000)<_xlfn.QUARTILE.INC(Hirsuticaulis!G$2:G$1000,1)-1.5*(_xlfn.QUARTILE.INC(Hirsuticaulis!G$2:G$1000,3)-_xlfn.QUARTILE.INC(Hirsuticaulis!G$2:G$1000,1)),MIN(Hirsuticaulis!G$2:G$1000),"") & ") " & _xlfn.MINIFS(Hirsuticaulis!G$2:G$1000, Hirsuticaulis!G$2:G$1000, ">=" & _xlfn.QUARTILE.INC(Hirsuticaulis!G$2:G$1000,1)-1.5*(_xlfn.QUARTILE.INC(Hirsuticaulis!G$2:G$1000,3)-_xlfn.QUARTILE.INC(Hirsuticaulis!G$2:G$1000,1)), Hirsuticaulis!G$2:G$1000, "<=" & _xlfn.QUARTILE.INC(Hirsuticaulis!G$2:G$1000,3)+1.5*(_xlfn.QUARTILE.INC(Hirsuticaulis!G$2:G$1000,3)-_xlfn.QUARTILE.INC(Hirsuticaulis!G$2:G$1000,1))) & "–" & _xlfn.MAXIFS(Hirsuticaulis!G$2:G$1000, Hirsuticaulis!G$2:G$1000, ">=" & _xlfn.QUARTILE.INC(Hirsuticaulis!G$2:G$1000,1)-1.5*(_xlfn.QUARTILE.INC(Hirsuticaulis!G$2:G$1000,3)-_xlfn.QUARTILE.INC(Hirsuticaulis!G$2:G$1000,1)), Hirsuticaulis!G$2:G$1000, "<=" & _xlfn.QUARTILE.INC(Hirsuticaulis!G$2:G$1000,3)+1.5*(_xlfn.QUARTILE.INC(Hirsuticaulis!G$2:G$1000,3)-_xlfn.QUARTILE.INC(Hirsuticaulis!G$2:G$1000,1))) & " (" & IF(MAX(Hirsuticaulis!G$2:G$1000)>_xlfn.QUARTILE.INC(Hirsuticaulis!G$2:G$1000,3)+1.5*(_xlfn.QUARTILE.INC(Hirsuticaulis!G$2:G$1000,3)-_xlfn.QUARTILE.INC(Hirsuticaulis!G$2:G$1000,1)),MAX(Hirsuticaulis!G$2:G$1000),"") & ") mm" -> () 0–1.575 () mm | F64: ="(" & IF(MIN(Hirsuticaulis!H$2:H$1000)<_xlfn.QUARTILE.INC(Hirsuticaulis!H$2:H$1000,1)-1.5*(_xlfn.QUARTILE.INC(Hirsuticaulis!H$2:H$1000,3)-_xlfn.QUARTILE.INC(Hirsuticaulis!H$2:H$1000,1)),MIN(Hirsuticaulis!H$2:H$1000),"") & ") " & _xlfn.MINIFS(Hirsuticaulis!H$2:H$1000, Hirsuticaulis!H$2:H$1000, ">=" & _xlfn.QUARTILE.INC(Hirsuticaulis!H$2:H$1000,1)-1.5*(_xlfn.QUARTILE.INC(Hirsuticaulis!H$2:H$1000,3)-_xlfn.QUARTILE.INC(Hirsuticaulis!H$2:H$1000,1)), Hirsuticaulis!H$2:H$1000, "<=" & _xlfn.QUARTILE.INC(Hirsuticaulis!H$2:H$1000,3)+1.5*(_xlfn.QUARTILE.INC(Hirsuticaulis!H$2:H$1000,3)-_xlfn.QUARTILE.INC(Hirsuticaulis!H$2:H$1000,1))) & "–" & _xlfn.MAXIFS(Hirsuticaulis!H$2:H$1000, Hirsuticaulis!H$2:H$1000, ">=" & _xlfn.QUARTILE.INC(Hirsuticaulis!H$2:H$1000,1)-1.5*(_xlfn.QUARTILE.INC(Hirsuticaulis!H$2:H$1000,3)-_xlfn.QUARTILE.INC(Hirsuticaulis!H$2:H$1000,1)), Hirsuticaulis!H$2:H$1000, "<=" & _xlfn.QUARTILE.INC(Hirsuticaulis!H$2:H$1000,3)+1.5*(_xlfn.QUARTILE.INC(Hirsuticaulis!H$2:H$1000,3)-_xlfn.QUARTILE.INC(Hirsuticaulis!H$2:H$1000,1))) & " (" & IF(MAX(Hirsuticaulis!H$2:H$1000)>_xlfn.QUARTILE.INC(Hirsuticaulis!H$2:H$1000,3)+1.5*(_xlfn.QUARTILE.INC(Hirsuticaulis!H$2:H$1000,3)-_xlfn.QUARTILE.INC(Hirsuticaulis!H$2:H$1000,1)),MAX(Hirsuticaulis!H$2:H$1000),"") & ") mm" -> () 0.958–8.605 (9.633) mm | G64: ="(" & IF(MIN(Hirsuticaulis!I$2:I$1000)<_xlfn.QUARTILE.INC(Hirsuticaulis!I$2:I$1000,1)-1.5*(_xlfn.QUARTILE.INC(Hirsuticaulis!I$2:I$1000,3)-_xlfn.QUARTILE.INC(Hirsuticaulis!I$2:I$1000,1)),MIN(Hirsuticaulis!I$2:I$1000),"") & ") " & _xlfn.MINIFS(Hirsuticaulis!I$2:I$1000, Hirsuticaulis!I$2:I$1000, ">=" & _xlfn.QUARTILE.INC(Hirsuticaulis!I$2:I$1000,1)-1.5*(_xlfn.QUARTILE.INC(Hirsuticaulis!I$2:I$1000,3)-_xlfn.QUARTILE.INC(Hirsuticaulis!I$2:I$1000,1)), Hirsuticaulis!I$2:I$1000, "<=" & _xlfn.QUARTILE.INC(Hirsuticaulis!I$2:I$1000,3)+1.5*(_xlfn.QUARTILE.INC(Hirsuticaulis!I$2:I$1000,3)-_xlfn.QUARTILE.INC(Hirsuticaulis!I$2:I$1000,1))) & "–" & _xlfn.MAXIFS(Hirsuticaulis!I$2:I$1000, Hirsuticaulis!I$2:I$1000, ">=" & _xlfn.QUARTILE.INC(Hirsuticaulis!I$2:I$1000,1)-1.5*(_xlfn.QUARTILE.INC(Hirsuticaulis!I$2:I$1000,3)-_xlfn.QUARTILE.INC(Hirsuticaulis!I$2:I$1000,1)), Hirsuticaulis!I$2:I$1000, "<=" & _xlfn.QUARTILE.INC(Hirsuticaulis!I$2:I$1000,3)+1.5*(_xlfn.QUARTILE.INC(Hirsuticaulis!I$2:I$1000,3)-_xlfn.QUARTILE.INC(Hirsuticaulis!I$2:I$1000,1))) & " (" & IF(MAX(Hirsuticaulis!I$2:I$1000)>_xlfn.QUARTILE.INC(Hirsuticaulis!I$2:I$1000,3)+1.5*(_xlfn.QUARTILE.INC(Hirsuticaulis!I$2:I$1000,3)-_xlfn.QUARTILE.INC(Hirsuticaulis!I$2:I$1000,1)),MAX(Hirsuticaulis!I$2:I$1000),"") & ") mm" -> () 0.114–3.458 (4.044) mm | H64: ="(" & IF(MIN(Hirsuticaulis!J$2:J$1000)<_xlfn.QUARTILE.INC(Hirsuticaulis!J$2:J$1000,1)-1.5*(_xlfn.QUARTILE.INC(Hirsuticaulis!J$2:J$1000,3)-_xlfn.QUARTILE.INC(Hirsuticaulis!J$2:J$1000,1)),MIN(Hirsuticaulis!J$2:J$1000),"") & ") " & _xlfn.MINIFS(Hirsuticaulis!J$2:J$1000, Hirsuticaulis!J$2:J$1000, ">=" & _xlfn.QUARTILE.INC(Hirsuticaulis!J$2:J$1000,1)-1.5*(_xlfn.QUARTILE.INC(Hirsuticaulis!J$2:J$1000,3)-_xlfn.QUARTILE.INC(Hirsuticaulis!J$2:J$1000,1)), Hirsuticaulis!J$2:J$1000, "<=" & _xlfn.QUARTILE.INC(Hirsuticaulis!J$2:J$1000,3)+1.5*(_xlfn.QUARTILE.INC(Hirsuticaulis!J$2:J$1000,3)-_xlfn.QUARTILE.INC(Hirsuticaulis!J$2:J$1000,1))) & "–" & _xlfn.MAXIFS(Hirsuticaulis!J$2:J$1000, Hirsuticaulis!J$2:J$1000, ">=" & _xlfn.QUARTILE.INC(Hirsuticaulis!J$2:J$1000,1)-1.5*(_xlfn.QUARTILE.INC(Hirsuticaulis!J$2:J$1000,3)-_xlfn.QUARTILE.INC(Hirsuticaulis!J$2:J$1000,1)), Hirsuticaulis!J$2:J$1000, "<=" & _xlfn.QUARTILE.INC(Hirsuticaulis!J$2:J$1000,3)+1.5*(_xlfn.QUARTILE.INC(Hirsuticaulis!J$2:J$1000,3)-_xlfn.QUARTILE.INC(Hirsuticaulis!J$2:J$1000,1))) & " (" & IF(MAX(Hirsuticaulis!J$2:J$1000)>_xlfn.QUARTILE.INC(Hirsuticaulis!J$2:J$1000,3)+1.5*(_xlfn.QUARTILE.INC(Hirsuticaulis!J$2:J$1000,3)-_xlfn.QUARTILE.INC(Hirsuticaulis!J$2:J$1000,1)),MAX(Hirsuticaulis!J$2:J$1000),"") & ") mm" -> () 2.34–5.299 (6.612) mm | I64: ="(" & IF(MIN(Hirsuticaulis!K$2:K$1000)<_xlfn.QUARTILE.INC(Hirsuticaulis!K$2:K$1000,1)-1.5*(_xlfn.QUARTILE.INC(Hirsuticaulis!K$2:K$1000,3)-_xlfn.QUARTILE.INC(Hirsuticaulis!K$2:K$1000,1)),MIN(Hirsuticaulis!K$2:K$1000),"") & ") " & _xlfn.MINIFS(Hirsuticaulis!K$2:K$1000, Hirsuticaulis!K$2:K$1000, ">=" & _xlfn.QUARTILE.INC(Hirsuticaulis!K$2:K$1000,1)-1.5*(_xlfn.QUARTILE.INC(Hirsuticaulis!K$2:K$1000,3)-_xlfn.QUARTILE.INC(Hirsuticaulis!K$2:K$1000,1)), Hirsuticaulis!K$2:K$1000, "<=" & _xlfn.QUARTILE.INC(Hirsuticaulis!K$2:K$1000,3)+1.5*(_xlfn.QUARTILE.INC(Hirsuticaulis!K$2:K$1000,3)-_xlfn.QUARTILE.INC(Hirsuticaulis!K$2:K$1000,1))) & "–" & _xlfn.MAXIFS(Hirsuticaulis!K$2:K$1000, Hirsuticaulis!K$2:K$1000, ">=" & _xlfn.QUARTILE.INC(Hirsuticaulis!K$2:K$1000,1)-1.5*(_xlfn.QUARTILE.INC(Hirsuticaulis!K$2:K$1000,3)-_xlfn.QUARTILE.INC(Hirsuticaulis!K$2:K$1000,1)), Hirsuticaulis!K$2:K$1000, "<=" & _xlfn.QUARTILE.INC(Hirsuticaulis!K$2:K$1000,3)+1.5*(_xlfn.QUARTILE.INC(Hirsuticaulis!K$2:K$1000,3)-_xlfn.QUARTILE.INC(Hirsuticaulis!K$2:K$1000,1))) & " (" & IF(MAX(Hirsuticaulis!K$2:K$1000)>_xlfn.QUARTILE.INC(Hirsuticaulis!K$2:K$1000,3)+1.5*(_xlfn.QUARTILE.INC(Hirsuticaulis!K$2:K$1000,3)-_xlfn.QUARTILE.INC(Hirsuticaulis!K$2:K$1000,1)),MAX(Hirsuticaulis!K$2:K$1000),"") & ") mm" -> () 0.695–2.194 (3.356) mm | J64: ="(" & IF(MIN(Hirsuticaulis!L$2:L$1000)<_xlfn.QUARTILE.INC(Hirsuticaulis!L$2:L$1000,1)-1.5*(_xlfn.QUARTILE.INC(Hirsuticaulis!L$2:L$1000,3)-_xlfn.QUARTILE.INC(Hirsuticaulis!L$2:L$1000,1)),MIN(Hirsuticaulis!L$2:L$1000),"") & ") " & _xlfn.MINIFS(Hirsuticaulis!L$2:L$1000, Hirsuticaulis!L$2:L$1000, ">=" & _xlfn.QUARTILE.INC(Hirsuticaulis!L$2:L$1000,1)-1.5*(_xlfn.QUARTILE.INC(Hirsuticaulis!L$2:L$1000,3)-_xlfn.QUARTILE.INC(Hirsuticaulis!L$2:L$1000,1)), Hirsuticaulis!L$2:L$1000, "<=" & _xlfn.QUARTILE.INC(Hirsuticaulis!L$2:L$1000,3)+1.5*(_xlfn.QUARTILE.INC(Hirsuticaulis!L$2:L$1000,3)-_xlfn.QUARTILE.INC(Hirsuticaulis!L$2:L$1000,1))) & "–" & _xlfn.MAXIFS(Hirsuticaulis!L$2:L$1000, Hirsuticaulis!L$2:L$1000, ">=" & _xlfn.QUARTILE.INC(Hirsuticaulis!L$2:L$1000,1)-1.5*(_xlfn.QUARTILE.INC(Hirsuticaulis!L$2:L$1000,3)-_xlfn.QUARTILE.INC(Hirsuticaulis!L$2:L$1000,1)), Hirsuticaulis!L$2:L$1000, "<=" & _xlfn.QUARTILE.INC(Hirsuticaulis!L$2:L$1000,3)+1.5*(_xlfn.QUARTILE.INC(Hirsuticaulis!L$2:L$1000,3)-_xlfn.QUARTILE.INC(Hirsuticaulis!L$2:L$1000,1))) & " (" & IF(MAX(Hirsuticaulis!L$2:L$1000)>_xlfn.QUARTILE.INC(Hirsuticaulis!L$2:L$1000,3)+1.5*(_xlfn.QUARTILE.INC(Hirsuticaulis!L$2:L$1000,3)-_xlfn.QUARTILE.INC(Hirsuticaulis!L$2:L$1000,1)),MAX(Hirsuticaulis!L$2:L$1000),"") & ") mm" -> () 0.444–2.158 (2.87) mm | ... P64: ="(" & IF(MIN(Hirsuticaulis!R$2:R$1000)<_xlfn.QUARTILE.INC(Hirsuticaulis!R$2:R$1000,1)-1.5*(_xlfn.QUARTILE.INC(Hirsuticaulis!R$2:R$1000,3)-_xlfn.QUARTILE.INC(Hirsuticaulis!R$2:R$1000,1)),MIN(Hirsuticaulis!R$2:R$1000),"") & ") " & _xlfn.MINIFS(Hirsuticaulis!R$2:R$1000, Hirsuticaulis!R$2:R$1000, ">=" & _xlfn.QUARTILE.INC(Hirsuticaulis!R$2:R$1000,1)-1.5*(_xlfn.QUARTILE.INC(Hirsuticaulis!R$2:R$1000,3)-_xlfn.QUARTILE.INC(Hirsuticaulis!R$2:R$1000,1)), Hirsuticaulis!R$2:R$1000, "<=" & _xlfn.QUARTILE.INC(Hirsuticaulis!R$2:R$1000,3)+1.5*(_xlfn.QUARTILE.INC(Hirsuticaulis!R$2:R$1000,3)-_xlfn.QUARTILE.INC(Hirsuticaulis!R$2:R$1000,1))) & "–" & _xlfn.MAXIFS(Hirsuticaulis!R$2:R$1000, Hirsuticaulis!R$2:R$1000, ">=" & _xlfn.QUARTILE.INC(Hirsuticaulis!R$2:R$1000,1)-1.5*(_xlfn.QUARTILE.INC(Hirsuticaulis!R$2:R$1000,3)-_xlfn.QUARTILE.INC(Hirsuticaulis!R$2:R$1000,1)), Hirsuticaulis!R$2:R$1000, "<=" & _xlfn.QUARTILE.INC(Hirsuticaulis!R$2:R$1000,3)+1.5*(_xlfn.QUARTILE.INC(Hirsuticaulis!R$2:R$1000,3)-_xlfn.QUARTILE.INC(Hirsuticaulis!R$2:R$1000,1))) & " (" & IF(MAX(Hirsuticaulis!R$2:R$1000)>_xlfn.QUARTILE.INC(Hirsuticaulis!R$2:R$1000,3)+1.5*(_xlfn.QUARTILE.INC(Hirsuticaulis!R$2:R$1000,3)-_xlfn.QUARTILE.INC(Hirsuticaulis!R$2:R$1000,1)),MAX(Hirsuticaulis!R$2:R$1000),"") & ") mm" -> () 173.565–1052.388 () mm
A65: HISPIDA | B65: Q1 | C65: {=_xlfn.QUARTILE.INC(_xlfn._xlws.FILTER(Hispida!E$2:E1000, Hispida!E$2:E1000<>""), 1)} -> 0 | D65: {=_xlfn.QUARTILE.INC(_xlfn._xlws.FILTER(Hispida!F$2:F1000, Hispida!F$2:F1000<>""), 1)} -> 0 | E65: {=_xlfn.QUARTILE.INC(_xlfn._xlws.FILTER(Hispida!G$2:G1000, Hispida!G$2:G1000<>""), 1)} -> 0 | F65: {=_xlfn.QUARTILE.INC(_xlfn._xlws.FILTER(Hispida!H$2:H1000, Hispida!H$2:H1000<>""), 1)} -> 3.548 | G65: {=_xlfn.QUARTILE.INC(_xlfn._xlws.FILTER(Hispida!I$2:I1000, Hispida!I$2:I1000<>""), 1)} -> 1.4065 | H65: {=_xlfn.QUARTILE.INC(_xlfn._xlws.FILTER(Hispida!J$2:J1000, Hispida!J$2:J1000<>""), 1)} -> 4.762 | I65: {=_xlfn.QUARTILE.INC(_xlfn._xlws.FILTER(Hispida!K$2:K1000, Hispida!K$2:K1000<>""), 1)} -> 1.264 | J65: {=_xlfn.QUARTILE.INC(_xlfn._xlws.FILTER(Hispida!L$2:L1000, Hispida!L$2:L1000<>""), 1)} -> 1.003 | ... P65: {=_xlfn.QUARTILE.INC(_xlfn._xlws.FILTER(Hispida!R$2:R1000, Hispida!R$2:R1000<>""), 1)} -> 625.5575
A66: HISPIDA | B66: Q2 (median) | C66: {=_xlfn.QUARTILE.INC(_xlfn._xlws.FILTER(Hispida!E$2:E1000, Hispida!E$2:E1000<>""), 2)} -> 0 | D66: {=_xlfn.QUARTILE.INC(_xlfn._xlws.FILTER(Hispida!F$2:F1000, Hispida!F$2:F1000<>""), 2)} -> 0 | E66: {=_xlfn.QUARTILE.INC(_xlfn._xlws.FILTER(Hispida!G$2:G1000, Hispida!G$2:G1000<>""), 2)} -> 0 | F66: {=_xlfn.QUARTILE.INC(_xlfn._xlws.FILTER(Hispida!H$2:H1000, Hispida!H$2:H1000<>""), 2)} -> 5.0645 | G66: {=_xlfn.QUARTILE.INC(_xlfn._xlws.FILTER(Hispida!I$2:I1000, Hispida!I$2:I1000<>""), 2)} -> 1.832 | H66: {=_xlfn.QUARTILE.INC(_xlfn._xlws.FILTER(Hispida!J$2:J1000, Hispida!J$2:J1000<>""), 2)} -> 4.975 | I66: {=_xlfn.QUARTILE.INC(_xlfn._xlws.FILTER(Hispida!K$2:K1000, Hispida!K$2:K1000<>""), 2)} -> 1.36 | J66: {=_xlfn.QUARTILE.INC(_xlfn._xlws.FILTER(Hispida!L$2:L1000, Hispida!L$2:L1000<>""), 2)} -> 1.14 | ... P66: {=_xlfn.QUARTILE.INC(_xlfn._xlws.FILTER(Hispida!R$2:R1000, Hispida!R$2:R1000<>""), 2)} -> 649.891
A67: HISPIDA | B67: Q3 | C67: {=_xlfn.QUARTILE.INC(_xlfn._xlws.FILTER(Hispida!E$2:E1000, Hispida!E$2:E1000<>""), 3)} -> 0 | D67: {=_xlfn.QUARTILE.INC(_xlfn._xlws.FILTER(Hispida!F$2:F1000, Hispida!F$2:F1000<>""), 3)} -> 0 | E67: {=_xlfn.QUARTILE.INC(_xlfn._xlws.FILTER(Hispida!G$2:G1000, Hispida!G$2:G1000<>""), 3)} -> 0 | F67: {=_xlfn.QUARTILE.INC(_xlfn._xlws.FILTER(Hispida!H$2:H1000, Hispida!H$2:H1000<>""), 3)} -> 6.5545 | G67: {=_xlfn.QUARTILE.INC(_xlfn._xlws.FILTER(Hispida!I$2:I1000, Hispida!I$2:I1000<>""), 3)} -> 2.33925 | H67: {=_xlfn.QUARTILE.INC(_xlfn._xlws.FILTER(Hispida!J$2:J1000, Hispida!J$2:J1000<>""), 3)} -> 5.389 | I67: {=_xlfn.QUARTILE.INC(_xlfn._xlws.FILTER(Hispida!K$2:K1000, Hispida!K$2:K1000<>""), 3)} -> 1.812 | J67: {=_xlfn.QUARTILE.INC(_xlfn._xlws.FILTER(Hispida!L$2:L1000, Hispida!L$2:L1000<>""), 3)} -> 1.336 | ... P67: {=_xlfn.QUARTILE.INC(_xlfn._xlws.FILTER(Hispida!R$2:R1000, Hispida!R$2:R1000<>""), 3)} -> 769.12475
A68: HISPIDA | B68: IQR | C68: {=_xlfn.QUARTILE.INC(_xlfn._xlws.FILTER(Hispida!E$2:E1000, Hispida!E$2:E1000<>""), 3) - _xlfn.QUARTILE.INC(_xlfn._xlws.FILTER(Hispida!E$2:E1000, Hispida!E$2:E1000<>""), 1)} -> 0 | D68: {=_xlfn.QUARTILE.INC(_xlfn._xlws.FILTER(Hispida!F$2:F1000, Hispida!F$2:F1000<>""), 3) - _xlfn.QUARTILE.INC(_xlfn._xlws.FILTER(Hispida!F$2:F1000, Hispida!F$2:F1000<>""), 1)} -> 0 | E68: {=_xlfn.QUARTILE.INC(_xlfn._xlws.FILTER(Hispida!G$2:G1000, Hispida!G$2:G1000<>""), 3) - _xlfn.QUARTILE.INC(_xlfn._xlws.FILTER(Hispida!G$2:G1000, Hispida!G$2:G1000<>""), 1)} -> 0 | F68: {=_xlfn.QUARTILE.INC(_xlfn._xlws.FILTER(Hispida!H$2:H1000, Hispida!H$2:H1000<>""), 3) - _xlfn.QUARTILE.INC(_xlfn._xlws.FILTER(Hispida!H$2:H1000, Hispida!H$2:H1000<>""), 1)} -> 3.0065 | G68: {=_xlfn.QUARTILE.INC(_xlfn._xlws.FILTER(Hispida!I$2:I1000, Hispida!I$2:I1000<>""), 3) - _xlfn.QUARTILE.INC(_xlfn._xlws.FILTER(Hispida!I$2:I1000, Hispida!I$2:I1000<>""), 1)} -> 0.93275 | H68: {=_xlfn.QUARTILE.INC(_xlfn._xlws.FILTER(Hispida!J$2:J1000, Hispida!J$2:J1000<>""), 3) - _xlfn.QUARTILE.INC(_xlfn._xlws.FILTER(Hispida!J$2:J1000, Hispida!J$2:J1000<>""), 1)} -> 0.627 | I68: {=_xlfn.QUARTILE.INC(_xlfn._xlws.FILTER(Hispida!K$2:K1000, Hispida!K$2:K1000<>""), 3) - _xlfn.QUARTILE.INC(_xlfn._xlws.FILTER(Hispida!K$2:K1000, Hispida!K$2:K1000<>""), 1)} -> 0.548 | J68: {=_xlfn.QUARTILE.INC(_xlfn._xlws.FILTER(Hispida!L$2:L1000, Hispida!L$2:L1000<>""), 3) - _xlfn.QUARTILE.INC(_xlfn._xlws.FILTER(Hispida!L$2:L1000, Hispida!L$2:L1000<>""), 1)} -> 0.333 | ... P68: {=_xlfn.QUARTILE.INC(_xlfn._xlws.FILTER(Hispida!R$2:R1000, Hispida!R$2:R1000<>""), 3) - _xlfn.QUARTILE.INC(_xlfn._xlws.FILTER(Hispida!R$2:R1000, Hispida!R$2:R1000<>""), 1)} -> 143.56725
A69: HISPIDA | B69: Lower fence | C69: {=_xlfn.QUARTILE.INC(_xlfn._xlws.FILTER(Hispida!E$2:E1000, Hispida!E$2:E1000<>""), 1) - 1.5*(_xlfn.QUARTILE.INC(_xlfn._xlws.FILTER(Hispida!E$2:E1000, Hispida!E$2:E1000<>""), 3) - _xlfn.QUARTILE.INC(_xlfn._xlws.FILTER(Hispida!E$2:E1000, Hispida!E$2:E1000<>""), 1))} -> 0 | D69: {=_xlfn.QUARTILE.INC(_xlfn._xlws.FILTER(Hispida!F$2:F1000, Hispida!F$2:F1000<>""), 1) - 1.5*(_xlfn.QUARTILE.INC(_xlfn._xlws.FILTER(Hispida!F$2:F1000, Hispida!F$2:F1000<>""), 3) - _xlfn.QUARTILE.INC(_xlfn._xlws.FILTER(Hispida!F$2:F1000, Hispida!F$2:F1000<>""), 1))} -> 0 | E69: {=_xlfn.QUARTILE.INC(_xlfn._xlws.FILTER(Hispida!G$2:G1000, Hispida!G$2:G1000<>""), 1) - 1.5*(_xlfn.QUARTILE.INC(_xlfn._xlws.FILTER(Hispida!G$2:G1000, Hispida!G$2:G1000<>""), 3) - _xlfn.QUARTILE.INC(_xlfn._xlws.FILTER(Hispida!G$2:G1000, Hispida!G$2:G1000<>""), 1))} -> 0 | F69: {=_xlfn.QUARTILE.INC(_xlfn._xlws.FILTER(Hispida!H$2:H1000, Hispida!H$2:H1000<>""), 1) - 1.5*(_xlfn.QUARTILE.INC(_xlfn._xlws.FILTER(Hispida!H$2:H1000, Hispida!H$2:H1000<>""), 3) - _xlfn.QUARTILE.INC(_xlfn._xlws.FILTER(Hispida!H$2:H1000, Hispida!H$2:H1000<>""), 1))} -> -0.96175 | G69: {=_xlfn.QUARTILE.INC(_xlfn._xlws.FILTER(Hispida!I$2:I1000, Hispida!I$2:I1000<>""), 1) - 1.5*(_xlfn.QUARTILE.INC(_xlfn._xlws.FILTER(Hispida!I$2:I1000, Hispida!I$2:I1000<>""), 3) - _xlfn.QUARTILE.INC(_xlfn._xlws.FILTER(Hispida!I$2:I1000, Hispida!I$2:I1000<>""), 1))} -> 0.007375 | H69: {=_xlfn.QUARTILE.INC(_xlfn._xlws.FILTER(Hispida!J$2:J1000, Hispida!J$2:J1000<>""), 1) - 1.5*(_xlfn.QUARTILE.INC(_xlfn._xlws.FILTER(Hispida!J$2:J1000, Hispida!J$2:J1000<>""), 3) - _xlfn.QUARTILE.INC(_xlfn._xlws.FILTER(Hispida!J$2:J1000, Hispida!J$2:J1000<>""), 1))} -> 3.8215 | I69: {=_xlfn.QUARTILE.INC(_xlfn._xlws.FILTER(Hispida!K$2:K1000, Hispida!K$2:K1000<>""), 1) - 1.5*(_xlfn.QUARTILE.INC(_xlfn._xlws.FILTER(Hispida!K$2:K1000, Hispida!K$2:K1000<>""), 3) - _xlfn.QUARTILE.INC(_xlfn._xlws.FILTER(Hispida!K$2:K1000, Hispida!K$2:K1000<>""), 1))} -> 0.442 | J69: {=_xlfn.QUARTILE.INC(_xlfn._xlws.FILTER(Hispida!L$2:L1000, Hispida!L$2:L1000<>""), 1) - 1.5*(_xlfn.QUARTILE.INC(_xlfn._xlws.FILTER(Hispida!L$2:L1000, Hispida!L$2:L1000<>""), 3) - _xlfn.QUARTILE.INC(_xlfn._xlws.FILTER(Hispida!L$2:L1000, Hispida!L$2:L1000<>""), 1))} -> 0.5035 | ... P69: {=_xlfn.QUARTILE.INC(_xlfn._xlws.FILTER(Hispida!R$2:R1000, Hispida!R$2:R1000<>""), 1) - 1.5*(_xlfn.QUARTILE.INC(_xlfn._xlws.FILTER(Hispida!R$2:R1000, Hispida!R$2:R1000<>""), 3) - _xlfn.QUARTILE.INC(_xlfn._xlws.FILTER(Hispida!R$2:R1000, Hispida!R$2:R1000<>""), 1))} -> 410.20663
A70: HISPIDA | B70: Upper fence | C70: {=_xlfn.QUARTILE.INC(_xlfn._xlws.FILTER(Hispida!E$2:E1000, Hispida!E$2:E1000<>""), 3) + 1.5*(_xlfn.QUARTILE.INC(_xlfn._xlws.FILTER(Hispida!E$2:E1000, Hispida!E$2:E1000<>""), 3) - _xlfn.QUARTILE.INC(_xlfn._xlws.FILTER(Hispida!E$2:E1000, Hispida!E$2:E1000<>""), 1))} -> 0 | D70: {=_xlfn.QUARTILE.INC(_xlfn._xlws.FILTER(Hispida!F$2:F1000, Hispida!F$2:F1000<>""), 3) + 1.5*(_xlfn.QUARTILE.INC(_xlfn._xlws.FILTER(Hispida!F$2:F1000, Hispida!F$2:F1000<>""), 3) - _xlfn.QUARTILE.INC(_xlfn._xlws.FILTER(Hispida!F$2:F1000, Hispida!F$2:F1000<>""), 1))} -> 0 | E70: {=_xlfn.QUARTILE.INC(_xlfn._xlws.FILTER(Hispida!G$2:G1000, Hispida!G$2:G1000<>""), 3) + 1.5*(_xlfn.QUARTILE.INC(_xlfn._xlws.FILTER(Hispida!G$2:G1000, Hispida!G$2:G1000<>""), 3) - _xlfn.QUARTILE.INC(_xlfn._xlws.FILTER(Hispida!G$2:G1000, Hispida!G$2:G1000<>""), 1))} -> 0 | F70: {=_xlfn.QUARTILE.INC(_xlfn._xlws.FILTER(Hispida!H$2:H1000, Hispida!H$2:H1000<>""), 3) + 1.5*(_xlfn.QUARTILE.INC(_xlfn._xlws.FILTER(Hispida!H$2:H1000, Hispida!H$2:H1000<>""), 3) - _xlfn.QUARTILE.INC(_xlfn._xlws.FILTER(Hispida!H$2:H1000, Hispida!H$2:H1000<>""), 1))} -> 11.06425 | G70: {=_xlfn.QUARTILE.INC(_xlfn._xlws.FILTER(Hispida!I$2:I1000, Hispida!I$2:I1000<>""), 3) + 1.5*(_xlfn.QUARTILE.INC(_xlfn._xlws.FILTER(Hispida!I$2:I1000, Hispida!I$2:I1000<>""), 3) - _xlfn.QUARTILE.INC(_xlfn._xlws.FILTER(Hispida!I$2:I1000, Hispida!I$2:I1000<>""), 1))} -> 3.738375 | H70: {=_xlfn.QUARTILE.INC(_xlfn._xlws.FILTER(Hispida!J$2:J1000, Hispida!J$2:J1000<>""), 3) + 1.5*(_xlfn.QUARTILE.INC(_xlfn._xlws.FILTER(Hispida!J$2:J1000, Hispida!J$2:J1000<>""), 3) - _xlfn.QUARTILE.INC(_xlfn._xlws.FILTER(Hispida!J$2:J1000, Hispida!J$2:J1000<>""), 1))} -> 6.3295 | I70: {=_xlfn.QUARTILE.INC(_xlfn._xlws.FILTER(Hispida!K$2:K1000, Hispida!K$2:K1000<>""), 3) + 1.5*(_xlfn.QUARTILE.INC(_xlfn._xlws.FILTER(Hispida!K$2:K1000, Hispida!K$2:K1000<>""), 3) - _xlfn.QUARTILE.INC(_xlfn._xlws.FILTER(Hispida!K$2:K1000, Hispida!K$2:K1000<>""), 1))} -> 2.634 | J70: {=_xlfn.QUARTILE.INC(_xlfn._xlws.FILTER(Hispida!L$2:L1000, Hispida!L$2:L1000<>""), 3) + 1.5*(_xlfn.QUARTILE.INC(_xlfn._xlws.FILTER(Hispida!L$2:L1000, Hispida!L$2:L1000<>""), 3) - _xlfn.QUARTILE.INC(_xlfn._xlws.FILTER(Hispida!L$2:L1000, Hispida!L$2:L1000<>""), 1))} -> 1.8355 | ... P70: {=_xlfn.QUARTILE.INC(_xlfn._xlws.FILTER(Hispida!R$2:R1000, Hispida!R$2:R1000<>""), 3) + 1.5*(_xlfn.QUARTILE.INC(_xlfn._xlws.FILTER(Hispida!R$2:R1000, Hispida!R$2:R1000<>""), 3) - _xlfn.QUARTILE.INC(_xlfn._xlws.FILTER(Hispida!R$2:R1000, Hispida!R$2:R1000<>""), 1))} -> 984.47562
A71: HISPIDA | B71: Absolute min | C71: {=MIN(_xlfn._xlws.FILTER(Hispida!E$2:E1000, Hispida!E$2:E1000<>""))} -> 0 | D71: {=MIN(_xlfn._xlws.FILTER(Hispida!F$2:F1000, Hispida!F$2:F1000<>""))} -> 0 | E71: {=MIN(_xlfn._xlws.FILTER(Hispida!G$2:G1000, Hispida!G$2:G1000<>""))} -> 0 | F71: {=MIN(_xlfn._xlws.FILTER(Hispida!H$2:H1000, Hispida!H$2:H1000<>""))} -> 2.002 | G71: {=MIN(_xlfn._xlws.FILTER(Hispida!I$2:I1000, Hispida!I$2:I1000<>""))} -> 0.93 | H71: {=MIN(_xlfn._xlws.FILTER(Hispida!J$2:J1000, Hispida!J$2:J1000<>""))} -> 3.182 | I71: {=MIN(_xlfn._xlws.FILTER(Hispida!K$2:K1000, Hispida!K$2:K1000<>""))} -> 0.792 | J71: {=MIN(_xlfn._xlws.FILTER(Hispida!L$2:L1000, Hispida!L$2:L1000<>""))} -> 0.364 | ... P71: {=MIN(_xlfn._xlws.FILTER(Hispida!R$2:R1000, Hispida!R$2:R1000<>""))} -> 403.991
A72: HISPIDA | B72: Absolute max | C72: {=MAX(_xlfn._xlws.FILTER(Hispida!E$2:E1000, Hispida!E$2:E1000<>""))} -> 0 | D72: {=MAX(_xlfn._xlws.FILTER(Hispida!F$2:F1000, Hispida!F$2:F1000<>""))} -> 0 | E72: {=MAX(_xlfn._xlws.FILTER(Hispida!G$2:G1000, Hispida!G$2:G1000<>""))} -> 0 | F72: {=MAX(_xlfn._xlws.FILTER(Hispida!H$2:H1000, Hispida!H$2:H1000<>""))} -> 10.963 | G72: {=MAX(_xlfn._xlws.FILTER(Hispida!I$2:I1000, Hispida!I$2:I1000<>""))} -> 5.41 | H72: {=MAX(_xlfn._xlws.FILTER(Hispida!J$2:J1000, Hispida!J$2:J1000<>""))} -> 7.08 | I72: {=MAX(_xlfn._xlws.FILTER(Hispida!K$2:K1000, Hispida!K$2:K1000<>""))} -> 2.846 | J72: {=MAX(_xlfn._xlws.FILTER(Hispida!L$2:L1000, Hispida!L$2:L1000<>""))} -> 2.346 | ... P72: {=MAX(_xlfn._xlws.FILTER(Hispida!R$2:R1000, Hispida!R$2:R1000<>""))} -> 976.656
A73: HISPIDA | B73: Full (absolute min) min–max (absolute max) mm | C73: ="(" & IF(MIN(Hispida!E$2:E$1000)<_xlfn.QUARTILE.INC(Hispida!E$2:E$1000,1)-1.5*(_xlfn.QUARTILE.INC(Hispida!E$2:E$1000,3)-_xlfn.QUARTILE.INC(Hispida!E$2:E$1000,1)),MIN(Hispida!E$2:E$1000),"") & ") " & _xlfn.MINIFS(Hispida!E$2:E$1000, Hispida!E$2:E$1000, ">=" & _xlfn.QUARTILE.INC(Hispida!E$2:E$1000,1)-1.5*(_xlfn.QUARTILE.INC(Hispida!E$2:E$1000,3)-_xlfn.QUARTILE.INC(Hispida!E$2:E$1000,1)), Hispida!E$2:E$1000, "<=" & _xlfn.QUARTILE.INC(Hispida!E$2:E$1000,3)+1.5*(_xlfn.QUARTILE.INC(Hispida!E$2:E$1000,3)-_xlfn.QUARTILE.INC(Hispida!E$2:E$1000,1))) & "–" & _xlfn.MAXIFS(Hispida!E$2:E$1000, Hispida!E$2:E$1000, ">=" & _xlfn.QUARTILE.INC(Hispida!E$2:E$1000,1)-1.5*(_xlfn.QUARTILE.INC(Hispida!E$2:E$1000,3)-_xlfn.QUARTILE.INC(Hispida!E$2:E$1000,1)), Hispida!E$2:E$1000, "<=" & _xlfn.QUARTILE.INC(Hispida!E$2:E$1000,3)+1.5*(_xlfn.QUARTILE.INC(Hispida!E$2:E$1000,3)-_xlfn.QUARTILE.INC(Hispida!E$2:E$1000,1))) & " (" & IF(MAX(Hispida!E$2:E$1000)>_xlfn.QUARTILE.INC(Hispida!E$2:E$1000,3)+1.5*(_xlfn.QUARTILE.INC(Hispida!E$2:E$1000,3)-_xlfn.QUARTILE.INC(Hispida!E$2:E$1000,1)),MAX(Hispida!E$2:E$1000),"") & ") mm" -> () 0–0 () mm | D73: ="(" & IF(MIN(Hispida!F$2:F$1000)<_xlfn.QUARTILE.INC(Hispida!F$2:F$1000,1)-1.5*(_xlfn.QUARTILE.INC(Hispida!F$2:F$1000,3)-_xlfn.QUARTILE.INC(Hispida!F$2:F$1000,1)),MIN(Hispida!F$2:F$1000),"") & ") " & _xlfn.MINIFS(Hispida!F$2:F$1000, Hispida!F$2:F$1000, ">=" & _xlfn.QUARTILE.INC(Hispida!F$2:F$1000,1)-1.5*(_xlfn.QUARTILE.INC(Hispida!F$2:F$1000,3)-_xlfn.QUARTILE.INC(Hispida!F$2:F$1000,1)), Hispida!F$2:F$1000, "<=" & _xlfn.QUARTILE.INC(Hispida!F$2:F$1000,3)+1.5*(_xlfn.QUARTILE.INC(Hispida!F$2:F$1000,3)-_xlfn.QUARTILE.INC(Hispida!F$2:F$1000,1))) & "–" & _xlfn.MAXIFS(Hispida!F$2:F$1000, Hispida!F$2:F$1000, ">=" & _xlfn.QUARTILE.INC(Hispida!F$2:F$1000,1)-1.5*(_xlfn.QUARTILE.INC(Hispida!F$2:F$1000,3)-_xlfn.QUARTILE.INC(Hispida!F$2:F$1000,1)), Hispida!F$2:F$1000, "<=" & _xlfn.QUARTILE.INC(Hispida!F$2:F$1000,3)+1.5*(_xlfn.QUARTILE.INC(Hispida!F$2:F$1000,3)-_xlfn.QUARTILE.INC(Hispida!F$2:F$1000,1))) & " (" & IF(MAX(Hispida!F$2:F$1000)>_xlfn.QUARTILE.INC(Hispida!F$2:F$1000,3)+1.5*(_xlfn.QUARTILE.INC(Hispida!F$2:F$1000,3)-_xlfn.QUARTILE.INC(Hispida!F$2:F$1000,1)),MAX(Hispida!F$2:F$1000),"") & ") mm" -> () 0–0 () mm | E73: ="(" & IF(MIN(Hispida!G$2:G$1000)<_xlfn.QUARTILE.INC(Hispida!G$2:G$1000,1)-1.5*(_xlfn.QUARTILE.INC(Hispida!G$2:G$1000,3)-_xlfn.QUARTILE.INC(Hispida!G$2:G$1000,1)),MIN(Hispida!G$2:G$1000),"") & ") " & _xlfn.MINIFS(Hispida!G$2:G$1000, Hispida!G$2:G$1000, ">=" & _xlfn.QUARTILE.INC(Hispida!G$2:G$1000,1)-1.5*(_xlfn.QUARTILE.INC(Hispida!G$2:G$1000,3)-_xlfn.QUARTILE.INC(Hispida!G$2:G$1000,1)), Hispida!G$2:G$1000, "<=" & _xlfn.QUARTILE.INC(Hispida!G$2:G$1000,3)+1.5*(_xlfn.QUARTILE.INC(Hispida!G$2:G$1000,3)-_xlfn.QUARTILE.INC(Hispida!G$2:G$1000,1))) & "–" & _xlfn.MAXIFS(Hispida!G$2:G$1000, Hispida!G$2:G$1000, ">=" & _xlfn.QUARTILE.INC(Hispida!G$2:G$1000,1)-1.5*(_xlfn.QUARTILE.INC(Hispida!G$2:G$1000,3)-_xlfn.QUARTILE.INC(Hispida!G$2:G$1000,1)), Hispida!G$2:G$1000, "<=" & _xlfn.QUARTILE.INC(Hispida!G$2:G$1000,3)+1.5*(_xlfn.QUARTILE.INC(Hispida!G$2:G$1000,3)-_xlfn.QUARTILE.INC(Hispida!G$2:G$1000,1))) & " (" & IF(MAX(Hispida!G$2:G$1000)>_xlfn.QUARTILE.INC(Hispida!G$2:G$1000,3)+1.5*(_xlfn.QUARTILE.INC(Hispida!G$2:G$1000,3)-_xlfn.QUARTILE.INC(Hispida!G$2:G$1000,1)),MAX(Hispida!G$2:G$1000),"") & ") mm" -> () 0–0 () mm | F73: ="(" & IF(MIN(Hispida!H$2:H$1000)<_xlfn.QUARTILE.INC(Hispida!H$2:H$1000,1)-1.5*(_xlfn.QUARTILE.INC(Hispida!H$2:H$1000,3)-_xlfn.QUARTILE.INC(Hispida!H$2:H$1000,1)),MIN(Hispida!H$2:H$1000),"") & ") " & _xlfn.MINIFS(Hispida!H$2:H$1000, Hispida!H$2:H$1000, ">=" & _xlfn.QUARTILE.INC(Hispida!H$2:H$1000,1)-1.5*(_xlfn.QUARTILE.INC(Hispida!H$2:H$1000,3)-_xlfn.QUARTILE.INC(Hispida!H$2:H$1000,1)), Hispida!H$2:H$1000, "<=" & _xlfn.QUARTILE.INC(Hispida!H$2:H$1000,3)+1.5*(_xlfn.QUARTILE.INC(Hispida!H$2:H$1000,3)-_xlfn.QUARTILE.INC(Hispida!H$2:H$1000,1))) & "–" & _xlfn.MAXIFS(Hispida!H$2:H$1000, Hispida!H$2:H$1000, ">=" & _xlfn.QUARTILE.INC(Hispida!H$2:H$1000,1)-1.5*(_xlfn.QUARTILE.INC(Hispida!H$2:H$1000,3)-_xlfn.QUARTILE.INC(Hispida!H$2:H$1000,1)), Hispida!H$2:H$1000, "<=" & _xlfn.QUARTILE.INC(Hispida!H$2:H$1000,3)+1.5*(_xlfn.QUARTILE.INC(Hispida!H$2:H$1000,3)-_xlfn.QUARTILE.INC(Hispida!H$2:H$1000,1))) & " (" & IF(MAX(Hispida!H$2:H$1000)>_xlfn.QUARTILE.INC(Hispida!H$2:H$1000,3)+1.5*(_xlfn.QUARTILE.INC(Hispida!H$2:H$1000,3)-_xlfn.QUARTILE.INC(Hispida!H$2:H$1000,1)),MAX(Hispida!H$2:H$1000),"") & ") mm" -> () 2.002–10.963 () mm | G73: ="(" & IF(MIN(Hispida!I$2:I$1000)<_xlfn.QUARTILE.INC(Hispida!I$2:I$1000,1)-1.5*(_xlfn.QUARTILE.INC(Hispida!I$2:I$1000,3)-_xlfn.QUARTILE.INC(Hispida!I$2:I$1000,1)),MIN(Hispida!I$2:I$1000),"") & ") " & _xlfn.MINIFS(Hispida!I$2:I$1000, Hispida!I$2:I$1000, ">=" & _xlfn.QUARTILE.INC(Hispida!I$2:I$1000,1)-1.5*(_xlfn.QUARTILE.INC(Hispida!I$2:I$1000,3)-_xlfn.QUARTILE.INC(Hispida!I$2:I$1000,1)), Hispida!I$2:I$1000, "<=" & _xlfn.QUARTILE.INC(Hispida!I$2:I$1000,3)+1.5*(_xlfn.QUARTILE.INC(Hispida!I$2:I$1000,3)-_xlfn.QUARTILE.INC(Hispida!I$2:I$1000,1))) & "–" & _xlfn.MAXIFS(Hispida!I$2:I$1000, Hispida!I$2:I$1000, ">=" & _xlfn.QUARTILE.INC(Hispida!I$2:I$1000,1)-1.5*(_xlfn.QUARTILE.INC(Hispida!I$2:I$1000,3)-_xlfn.QUARTILE.INC(Hispida!I$2:I$1000,1)), Hispida!I$2:I$1000, "<=" & _xlfn.QUARTILE.INC(Hispida!I$2:I$1000,3)+1.5*(_xlfn.QUARTILE.INC(Hispida!I$2:I$1000,3)-_xlfn.QUARTILE.INC(Hispida!I$2:I$1000,1))) & " (" & IF(MAX(Hispida!I$2:I$1000)>_xlfn.QUARTILE.INC(Hispida!I$2:I$1000,3)+1.5*(_xlfn.QUARTILE.INC(Hispida!I$2:I$1000,3)-_xlfn.QUARTILE.INC(Hispida!I$2:I$1000,1)),MAX(Hispida!I$2:I$1000),"") & ") mm" -> () 0.93–3.568 (5.41) mm | H73: ="(" & IF(MIN(Hispida!J$2:J$1000)<_xlfn.QUARTILE.INC(Hispida!J$2:J$1000,1)-1.5*(_xlfn.QUARTILE.INC(Hispida!J$2:J$1000,3)-_xlfn.QUARTILE.INC(Hispida!J$2:J$1000,1)),MIN(Hispida!J$2:J$1000),"") & ") " & _xlfn.MINIFS(Hispida!J$2:J$1000, Hispida!J$2:J$1000, ">=" & _xlfn.QUARTILE.INC(Hispida!J$2:J$1000,1)-1.5*(_xlfn.QUARTILE.INC(Hispida!J$2:J$1000,3)-_xlfn.QUARTILE.INC(Hispida!J$2:J$1000,1)), Hispida!J$2:J$1000, "<=" & _xlfn.QUARTILE.INC(Hispida!J$2:J$1000,3)+1.5*(_xlfn.QUARTILE.INC(Hispida!J$2:J$1000,3)-_xlfn.QUARTILE.INC(Hispida!J$2:J$1000,1))) & "–" & _xlfn.MAXIFS(Hispida!J$2:J$1000, Hispida!J$2:J$1000, ">=" & _xlfn.QUARTILE.INC(Hispida!J$2:J$1000,1)-1.5*(_xlfn.QUARTILE.INC(Hispida!J$2:J$1000,3)-_xlfn.QUARTILE.INC(Hispida!J$2:J$1000,1)), Hispida!J$2:J$1000, "<=" & _xlfn.QUARTILE.INC(Hispida!J$2:J$1000,3)+1.5*(_xlfn.QUARTILE.INC(Hispida!J$2:J$1000,3)-_xlfn.QUARTILE.INC(Hispida!J$2:J$1000,1))) & " (" & IF(MAX(Hispida!J$2:J$1000)>_xlfn.QUARTILE.INC(Hispida!J$2:J$1000,3)+1.5*(_xlfn.QUARTILE.INC(Hispida!J$2:J$1000,3)-_xlfn.QUARTILE.INC(Hispida!J$2:J$1000,1)),MAX(Hispida!J$2:J$1000),"") & ") mm" -> (3.182) 3.875–6.041 (7.08) mm | I73: ="(" & IF(MIN(Hispida!K$2:K$1000)<_xlfn.QUARTILE.INC(Hispida!K$2:K$1000,1)-1.5*(_xlfn.QUARTILE.INC(Hispida!K$2:K$1000,3)-_xlfn.QUARTILE.INC(Hispida!K$2:K$1000,1)),MIN(Hispida!K$2:K$1000),"") & ") " & _xlfn.MINIFS(Hispida!K$2:K$1000, Hispida!K$2:K$1000, ">=" & _xlfn.QUARTILE.INC(Hispida!K$2:K$1000,1)-1.5*(_xlfn.QUARTILE.INC(Hispida!K$2:K$1000,3)-_xlfn.QUARTILE.INC(Hispida!K$2:K$1000,1)), Hispida!K$2:K$1000, "<=" & _xlfn.QUARTILE.INC(Hispida!K$2:K$1000,3)+1.5*(_xlfn.QUARTILE.INC(Hispida!K$2:K$1000,3)-_xlfn.QUARTILE.INC(Hispida!K$2:K$1000,1))) & "–" & _xlfn.MAXIFS(Hispida!K$2:K$1000, Hispida!K$2:K$1000, ">=" & _xlfn.QUARTILE.INC(Hispida!K$2:K$1000,1)-1.5*(_xlfn.QUARTILE.INC(Hispida!K$2:K$1000,3)-_xlfn.QUARTILE.INC(Hispida!K$2:K$1000,1)), Hispida!K$2:K$1000, "<=" & _xlfn.QUARTILE.INC(Hispida!K$2:K$1000,3)+1.5*(_xlfn.QUARTILE.INC(Hispida!K$2:K$1000,3)-_xlfn.QUARTILE.INC(Hispida!K$2:K$1000,1))) & " (" & IF(MAX(Hispida!K$2:K$1000)>_xlfn.QUARTILE.INC(Hispida!K$2:K$1000,3)+1.5*(_xlfn.QUARTILE.INC(Hispida!K$2:K$1000,3)-_xlfn.QUARTILE.INC(Hispida!K$2:K$1000,1)),MAX(Hispida!K$2:K$1000),"") & ") mm" -> () 0.792–2.593 (2.846) mm | J73: ="(" & IF(MIN(Hispida!L$2:L$1000)<_xlfn.QUARTILE.INC(Hispida!L$2:L$1000,1)-1.5*(_xlfn.QUARTILE.INC(Hispida!L$2:L$1000,3)-_xlfn.QUARTILE.INC(Hispida!L$2:L$1000,1)),MIN(Hispida!L$2:L$1000),"") & ") " & _xlfn.MINIFS(Hispida!L$2:L$1000, Hispida!L$2:L$1000, ">=" & _xlfn.QUARTILE.INC(Hispida!L$2:L$1000,1)-1.5*(_xlfn.QUARTILE.INC(Hispida!L$2:L$1000,3)-_xlfn.QUARTILE.INC(Hispida!L$2:L$1000,1)), Hispida!L$2:L$1000, "<=" & _xlfn.QUARTILE.INC(Hispida!L$2:L$1000,3)+1.5*(_xlfn.QUARTILE.INC(Hispida!L$2:L$1000,3)-_xlfn.QUARTILE.INC(Hispida!L$2:L$1000,1))) & "–" & _xlfn.MAXIFS(Hispida!L$2:L$1000, Hispida!L$2:L$1000, ">=" & _xlfn.QUARTILE.INC(Hispida!L$2:L$1000,1)-1.5*(_xlfn.QUARTILE.INC(Hispida!L$2:L$1000,3)-_xlfn.QUARTILE.INC(Hispida!L$2:L$1000,1)), Hispida!L$2:L$1000, "<=" & _xlfn.QUARTILE.INC(Hispida!L$2:L$1000,3)+1.5*(_xlfn.QUARTILE.INC(Hispida!L$2:L$1000,3)-_xlfn.QUARTILE.INC(Hispida!L$2:L$1000,1))) & " (" & IF(MAX(Hispida!L$2:L$1000)>_xlfn.QUARTILE.INC(Hispida!L$2:L$1000,3)+1.5*(_xlfn.QUARTILE.INC(Hispida!L$2:L$1000,3)-_xlfn.QUARTILE.INC(Hispida!L$2:L$1000,1)),MAX(Hispida!L$2:L$1000),"") & ") mm" -> (0.364) 0.71–1.547 (2.346) mm | ... P73: ="(" & IF(MIN(Hispida!R$2:R$1000)<_xlfn.QUARTILE.INC(Hispida!R$2:R$1000,1)-1.5*(_xlfn.QUARTILE.INC(Hispida!R$2:R$1000,3)-_xlfn.QUARTILE.INC(Hispida!R$2:R$1000,1)),MIN(Hispida!R$2:R$1000),"") & ") " & _xlfn.MINIFS(Hispida!R$2:R$1000, Hispida!R$2:R$1000, ">=" & _xlfn.QUARTILE.INC(Hispida!R$2:R$1000,1)-1.5*(_xlfn.QUARTILE.INC(Hispida!R$2:R$1000,3)-_xlfn.QUARTILE.INC(Hispida!R$2:R$1000,1)), Hispida!R$2:R$1000, "<=" & _xlfn.QUARTILE.INC(Hispida!R$2:R$1000,3)+1.5*(_xlfn.QUARTILE.INC(Hispida!R$2:R$1000,3)-_xlfn.QUARTILE.INC(Hispida!R$2:R$1000,1))) & "–" & _xlfn.MAXIFS(Hispida!R$2:R$1000, Hispida!R$2:R$1000, ">=" & _xlfn.QUARTILE.INC(Hispida!R$2:R$1000,1)-1.5*(_xlfn.QUARTILE.INC(Hispida!R$2:R$1000,3)-_xlfn.QUARTILE.INC(Hispida!R$2:R$1000,1)), Hispida!R$2:R$1000, "<=" & _xlfn.QUARTILE.INC(Hispida!R$2:R$1000,3)+1.5*(_xlfn.QUARTILE.INC(Hispida!R$2:R$1000,3)-_xlfn.QUARTILE.INC(Hispida!R$2:R$1000,1))) & " (" & IF(MAX(Hispida!R$2:R$1000)>_xlfn.QUARTILE.INC(Hispida!R$2:R$1000,3)+1.5*(_xlfn.QUARTILE.INC(Hispida!R$2:R$1000,3)-_xlfn.QUARTILE.INC(Hispida!R$2:R$1000,1)),MAX(Hispida!R$2:R$1000),"") & ") mm" -> (403.991) 466.159–976.656 () mm
I83: Americana:
I84: ="(" & IF(MIN(Americana!E$2:E$1000)<_xlfn.QUARTILE.INC(Americana!E$2:E$1000,1)-1.5*(_xlfn.QUARTILE.INC(Americana!E$2:E$1000,3)-_xlfn.QUARTILE.INC(Americana!E$2:E$1000,1)),MIN(Americana!E$2:E$1000),"") & ") " & _xlfn.MINIFS(Americana!E$2:E$1000, Americana!E$2:E$1000, ">=" & _xlfn.QUARTILE.INC(Americana!E$2:E$1000,1)-1.5*(_xlfn.QUARTILE.INC(Americana!E$2:E$1000,3)-_xlfn.QUARTILE.INC(Americana!E$2:E$1000,1)), Americana!E$2:E$1000, "<=" & _xlfn.QUARTILE.INC(Americana!E$2:E$1000,3)+1.5*(_xlfn.QUARTILE.INC(Americana!E$2:E$1000,3)-_xlfn.QUARTILE.INC(Americana!E$2:E$1000,1))) & "–" & _xlfn.MAXIFS(Americana!E$2:E$1000, Americana!E$2:E$1000, ">=" & _xlfn.QUARTILE.INC(Americana!E$2:E$1000,1)-1.5*(_xlfn.QUARTILE.INC(Americana!E$2:E$1000,3)-_xlfn.QUARTILE.INC(Americana!E$2:E$1000,1)), Americana!E$2:E$1000, "<=" & _xlfn.QUARTILE.INC(Americana!E$2:E$1000,3)+1.5*(_xlfn.QUARTILE.INC(Americana!E$2:E$1000,3)-_xlfn.QUARTILE.INC(Americana!E$2:E$1000,1))) & " (" & IF(MAX(Americana!E$2:E$1000)>_xlfn.QUARTILE.INC(Americana!E$2:E$1000,3)+1.5*(_xlfn.QUARTILE.INC(Americana!E$2:E$1000,3)-_xlfn.QUARTILE.INC(Americana!E$2:E$1000,1)),MAX(Americana!E$2:E$1000),"") & ") mm" -> () 0–0 (2.874) mm
I86: Calycosa:
I87: ="(" & IF(MIN(Calycosa!E$2:E$1000)<_xlfn.QUARTILE.INC(Calycosa!E$2:E$1000,1)-1.5*(_xlfn.QUARTILE.INC(Calycosa!E$2:E$1000,3)-_xlfn.QUARTILE.INC(Calycosa!E$2:E$1000,1)),MIN(Calycosa!E$2:E$1000),"") & ") " & _xlfn.MINIFS(Calycosa!E$2:E$1000, Calycosa!E$2:E$1000, ">=" & _xlfn.QUARTILE.INC(Calycosa!E$2:E$1000,1)-1.5*(_xlfn.QUARTILE.INC(Calycosa!E$2:E$1000,3)-_xlfn.QUARTILE.INC(Calycosa!E$2:E$1000,1)), Calycosa!E$2:E$1000, "<=" & _xlfn.QUARTILE.INC(Calycosa!E$2:E$1000,3)+1.5*(_xlfn.QUARTILE.INC(Calycosa!E$2:E$1000,3)-_xlfn.QUARTILE.INC(Calycosa!E$2:E$1000,1))) & "–" & _xlfn.MAXIFS(Calycosa!E$2:E$1000, Calycosa!E$2:E$1000, ">=" & _xlfn.QUARTILE.INC(Calycosa!E$2:E$1000,1)-1.5*(_xlfn.QUARTILE.INC(Calycosa!E$2:E$1000,3)-_xlfn.QUARTILE.INC(Calycosa!E$2:E$1000,1)), Calycosa!E$2:E$1000, "<=" & _xlfn.QUARTILE.INC(Calycosa!E$2:E$1000,3)+1.5*(_xlfn.QUARTILE.INC(Calycosa!E$2:E$1000,3)-_xlfn.QUARTILE.INC(Calycosa!E$2:E$1000,1))) & " (" & IF(MAX(Calycosa!E$2:E$1000)>_xlfn.QUARTILE.INC(Calycosa!E$2:E$1000,3)+1.5*(_xlfn.QUARTILE.INC(Calycosa!E$2:E$1000,3)-_xlfn.QUARTILE.INC(Calycosa!E$2:E$1000,1)),MAX(Calycosa!E$2:E$1000),"") & ") mm" -> () 0–0 (0.871) mm
I89: Fumosimontana:
I90: ="(" & IF(MIN(Fumosimontana!E$2:E$1000)<_xlfn.QUARTILE.INC(Fumosimontana!E$2:E$1000,1)-1.5*(_xlfn.QUARTILE.INC(Fumosimontana!E$2:E$1000,3)-_xlfn.QUARTILE.INC(Fumosimontana!E$2:E$1000,1)),MIN(Fumosimontana!E$2:E$1000),"") & ") " & _xlfn.MINIFS(Fumosimontana!E$2:E$1000, Fumosimontana!E$2:E$1000, ">=" & _xlfn.QUARTILE.INC(Fumosimontana!E$2:E$1000,1)-1.5*(_xlfn.QUARTILE.INC(Fumosimontana!E$2:E$1000,3)-_xlfn.QUARTILE.INC(Fumosimontana!E$2:E$1000,1)), Fumosimontana!E$2:E$1000, "<=" & _xlfn.QUARTILE.INC(Fumosimontana!E$2:E$1000,3)+1.5*(_xlfn.QUARTILE.INC(Fumosimontana!E$2:E$1000,3)-_xlfn.QUARTILE.INC(Fumosimontana!E$2:E$1000,1))) & "–" & _xlfn.MAXIFS(Fumosimontana!E$2:E$1000, Fumosimontana!E$2:E$1000, ">=" & _xlfn.QUARTILE.INC(Fumosimontana!E$2:E$1000,1)-1.5*(_xlfn.QUARTILE.INC(Fumosimontana!E$2:E$1000,3)-_xlfn.QUARTILE.INC(Fumosimontana!E$2:E$1000,1)), Fumosimontana!E$2:E$1000, "<=" & _xlfn.QUARTILE.INC(Fumosimontana!E$2:E$1000,3)+1.5*(_xlfn.QUARTILE.INC(Fumosimontana!E$2:E$1000,3)-_xlfn.QUARTILE.INC(Fumosimontana!E$2:E$1000,1))) & " (" & IF(MAX(Fumosimontana!E$2:E$1000)>_xlfn.QUARTILE.INC(Fumosimontana!E$2:E$1000,3)+1.5*(_xlfn.QUARTILE.INC(Fumosimontana!E$2:E$1000,3)-_xlfn.QUARTILE.INC(Fumosimontana!E$2:E$1000,1)),MAX(Fumosimontana!E$2:E$1000),"") & ") mm" -> () 0.98–2.76 () mm
I92: Grayana:
I93: ="(" & IF(MIN(Grayana!E$2:E$1000)<_xlfn.QUARTILE.INC(Grayana!E$2:E$1000,1)-1.5*(_xlfn.QUARTILE.INC(Grayana!E$2:E$1000,3)-_xlfn.QUARTILE.INC(Grayana!E$2:E$1000,1)),MIN(Grayana!E$2:E$1000),"") & ") " & _xlfn.MINIFS(Grayana!E$2:E$1000, Grayana!E$2:E$1000, ">=" & _xlfn.QUARTILE.INC(Grayana!E$2:E$1000,1)-1.5*(_xlfn.QUARTILE.INC(Grayana!E$2:E$1000,3)-_xlfn.QUARTILE.INC(Grayana!E$2:E$1000,1)), Grayana!E$2:E$1000, "<=" & _xlfn.QUARTILE.INC(Grayana!E$2:E$1000,3)+1.5*(_xlfn.QUARTILE.INC(Grayana!E$2:E$1000,3)-_xlfn.QUARTILE.INC(Grayana!E$2:E$1000,1))) & "–" & _xlfn.MAXIFS(Grayana!E$2:E$1000, Grayana!E$2:E$1000, ">=" & _xlfn.QUARTILE.INC(Grayana!E$2:E$1000,1)-1.5*(_xlfn.QUARTILE.INC(Grayana!E$2:E$1000,3)-_xlfn.QUARTILE.INC(Grayana!E$2:E$1000,1)), Grayana!E$2:E$1000, "<=" & _xlfn.QUARTILE.INC(Grayana!E$2:E$1000,3)+1.5*(_xlfn.QUARTILE.INC(Grayana!E$2:E$1000,3)-_xlfn.QUARTILE.INC(Grayana!E$2:E$1000,1))) & " (" & IF(MAX(Grayana!E$2:E$1000)>_xlfn.QUARTILE.INC(Grayana!E$2:E$1000,3)+1.5*(_xlfn.QUARTILE.INC(Grayana!E$2:E$1000,3)-_xlfn.QUARTILE.INC(Grayana!E$2:E$1000,1)),MAX(Grayana!E$2:E$1000),"") & ") mm" -> () 0.804–2.26 (2.361) mm
I95: Richardsonii:
I96: ="(" & IF(MIN(Richardsonii!E$2:E$1000)<_xlfn.QUARTILE.INC(Richardsonii!E$2:E$1000,1)-1.5*(_xlfn.QUARTILE.INC(Richardsonii!E$2:E$1000,3)-_xlfn.QUARTILE.INC(Richardsonii!E$2:E$1000,1)),MIN(Richardsonii!E$2:E$1000),"") & ") " & _xlfn.MINIFS(Richardsonii!E$2:E$1000, Richardsonii!E$2:E$1000, ">=" & _xlfn.QUARTILE.INC(Richardsonii!E$2:E$1000,1)-1.5*(_xlfn.QUARTILE.INC(Richardsonii!E$2:E$1000,3)-_xlfn.QUARTILE.INC(Richardsonii!E$2:E$1000,1)), Richardsonii!E$2:E$1000, "<=" & _xlfn.QUARTILE.INC(Richardsonii!E$2:E$1000,3)+1.5*(_xlfn.QUARTILE.INC(Richardsonii!E$2:E$1000,3)-_xlfn.QUARTILE.INC(Richardsonii!E$2:E$1000,1))) & "–" & _xlfn.MAXIFS(Richardsonii!E$2:E$1000, Richardsonii!E$2:E$1000, ">=" & _xlfn.QUARTILE.INC(Richardsonii!E$2:E$1000,1)-1.5*(_xlfn.QUARTILE.INC(Richardsonii!E$2:E$1000,3)-_xlfn.QUARTILE.INC(Richardsonii!E$2:E$1000,1)), Richardsonii!E$2:E$1000, "<=" & _xlfn.QUARTILE.INC(Richardsonii!E$2:E$1000,3)+1.5*(_xlfn.QUARTILE.INC(Richardsonii!E$2:E$1000,3)-_xlfn.QUARTILE.INC(Richardsonii!E$2:E$1000,1))) & " (" & IF(MAX(Richardsonii!E$2:E$1000)>_xlfn.QUARTILE.INC(Richardsonii!E$2:E$1000,3)+1.5*(_xlfn.QUARTILE.INC(Richardsonii!E$2:E$1000,3)-_xlfn.QUARTILE.INC(Richardsonii!E$2:E$1000,1)),MAX(Richardsonii!E$2:E$1000),"") & ") mm" -> (0) 0.707–1.79 (2.57) mm
I98: Hirsuticaulis:
I99: ="(" & IF(MIN(Hirsuticaulis!E$2:E$1000)<_xlfn.QUARTILE.INC(Hirsuticaulis!E$2:E$1000,1)-1.5*(_xlfn.QUARTILE.INC(Hirsuticaulis!E$2:E$1000,3)-_xlfn.QUARTILE.INC(Hirsuticaulis!E$2:E$1000,1)),MIN(Hirsuticaulis!E$2:E$1000),"") & ") " & _xlfn.MINIFS(Hirsuticaulis!E$2:E$1000, Hirsuticaulis!E$2:E$1000, ">=" & _xlfn.QUARTILE.INC(Hirsuticaulis!E$2:E$1000,1)-1.5*(_xlfn.QUARTILE.INC(Hirsuticaulis!E$2:E$1000,3)-_xlfn.QUARTILE.INC(Hirsuticaulis!E$2:E$1000,1)), Hirsuticaulis!E$2:E$1000, "<=" & _xlfn.QUARTILE.INC(Hirsuticaulis!E$2:E$1000,3)+1.5*(_xlfn.QUARTILE.INC(Hirsuticaulis!E$2:E$1000,3)-_xlfn.QUARTILE.INC(Hirsuticaulis!E$2:E$1000,1))) & "–" & _xlfn.MAXIFS(Hirsuticaulis!E$2:E$1000, Hirsuticaulis!E$2:E$1000, ">=" & _xlfn.QUARTILE.INC(Hirsuticaulis!E$2:E$1000,1)-1.5*(_xlfn.QUARTILE.INC(Hirsuticaulis!E$2:E$1000,3)-_xlfn.QUARTILE.INC(Hirsuticaulis!E$2:E$1000,1)), Hirsuticaulis!E$2:E$1000, "<=" & _xlfn.QUARTILE.INC(Hirsuticaulis!E$2:E$1000,3)+1.5*(_xlfn.QUARTILE.INC(Hirsuticaulis!E$2:E$1000,3)-_xlfn.QUARTILE.INC(Hirsuticaulis!E$2:E$1000,1))) & " (" & IF(MAX(Hirsuticaulis!E$2:E$1000)>_xlfn.QUARTILE.INC(Hirsuticaulis!E$2:E$1000,3)+1.5*(_xlfn.QUARTILE.INC(Hirsuticaulis!E$2:E$1000,3)-_xlfn.QUARTILE.INC(Hirsuticaulis!E$2:E$1000,1)),MAX(Hirsuticaulis!E$2:E$1000),"") & ") mm" -> () 0.609–2.76 (3.542) mm
I101: Hispida:
I102: ="(" & IF(MIN(Hispida!E$2:E$1000)<_xlfn.QUARTILE.INC(Hispida!E$2:E$1000,1)-1.5*(_xlfn.QUARTILE.INC(Hispida!E$2:E$1000,3)-_xlfn.QUARTILE.INC(Hispida!E$2:E$1000,1)),MIN(Hispida!E$2:E$1000),"") & ") " & _xlfn.MINIFS(Hispida!E$2:E$1000, Hispida!E$2:E$1000, ">=" & _xlfn.QUARTILE.INC(Hispida!E$2:E$1000,1)-1.5*(_xlfn.QUARTILE.INC(Hispida!E$2:E$1000,3)-_xlfn.QUARTILE.INC(Hispida!E$2:E$1000,1)), Hispida!E$2:E$1000, "<=" & _xlfn.QUARTILE.INC(Hispida!E$2:E$1000,3)+1.5*(_xlfn.QUARTILE.INC(Hispida!E$2:E$1000,3)-_xlfn.QUARTILE.INC(Hispida!E$2:E$1000,1))) & "–" & _xlfn.MAXIFS(Hispida!E$2:E$1000, Hispida!E$2:E$1000, ">=" & _xlfn.QUARTILE.INC(Hispida!E$2:E$1000,1)-1.5*(_xlfn.QUARTILE.INC(Hispida!E$2:E$1000,3)-_xlfn.QUARTILE.INC(Hispida!E$2:E$1000,1)), Hispida!E$2:E$1000, "<=" & _xlfn.QUARTILE.INC(Hispida!E$2:E$1000,3)+1.5*(_xlfn.QUARTILE.INC(Hispida!E$2:E$1000,3)-_xlfn.QUARTILE.INC(Hispida!E$2:E$1000,1))) & " (" & IF(MAX(Hispida!E$2:E$1000)>_xlfn.QUARTILE.INC(Hispida!E$2:E$1000,3)+1.5*(_xlfn.QUARTILE.INC(Hispida!E$2:E$1000,3)-_xlfn.QUARTILE.INC(Hispida!E$2:E$1000,1)),MAX(Hispida!E$2:E$1000),"") & ") mm" -> () 0–0 () mm

Sheet morphometric_data_final
A1: Species | B1: Barcode | C1: State | D1: Variegation | E1: Long_petiole_hair | F1: Short_petiole_hair | G1: Upper_lamina_hair | H1: Tooth_length | I1: Tooth_Width | J1: Flower_length | K1: Hypanthium_long | L1: Hypanthium_short | M1: Flower_width | N1: Stamen_length | O1: Style_length | P1: Pedicel_lengths | Q1: Cymule_branches | R1: Thyrse_length
A2: AMERICANA | B2: E1450 | C2: Georgia | D2: None | E2: 0 | F2: 0 | G2: 0 | H2: 5.669 | I2: 2.398 | J2: 3.181 | K2: 1.999 | L2: 1.727 | M2: 2.055 | N2: 3.272 | O2: 4.22 | P2: 5.553 | Q2: 13.609
A3: AMERICANA | B3: E1450 | C3: Georgia | D3: None | E3: 0 | F3: 0 | G3: 0 | H3: 4.222 | I3: 2.493 | J3: 3.004 | K3: 1.611 | L3: 1.437 | M3: 2.287 | N3: 3.395 | O3: 2.99 | P3: 4.453 | Q3: 14.9
A4: AMERICANA | B4: E1450 | C4: Georgia | D4: None | E4: 0 | F4: 0 | G4: 0 | H4: 4.563 | I4: 2.28 | J4: 3.153 | K4: 1.442 | L4: 1.096 | M4: 2.079 | N4: 2.682 | O4: 2.972 | P4: 3.152 | Q4: 13.273 | R4: 527.683
A5: AMERICANA | B5: E1454 | C5: Georgia | D5: None | E5: 0 | F5: 0 | G5: 0 | H5: 6.516 | I5: 2.139 | J5: 3.591 | K5: 1.372 | L5: 1.365 | M5: 2.008 | N5: 2.791 | O5: 3.909 | P5: 5.187 | Q5: 28.128 | R5: 673.496
A6: AMERICANA | B6: E1454 | C6: Georgia | D6: None | E6: 0 | F6: 0 | G6: 0 | H6: 5.898 | I6: 2.225 | J6: 3.675 | K6: 1.58 | L6: 1.256 | M6: 1.846 | N6: 3.245 | O6: 3.172 | P6: 6.154 | Q6: 23.972 | R6: 748.448
A7: AMERICANA | B7: E1454 | C7: Georgia | E7: 0 | F7: 0 | G7: 0 | H7: 6.681 | I7: 1.992 | J7: 3.532 | K7: 1.443 | L7: 1.409 | M7: 2.115 | N7: 3.608 | O7: 4.044 | P7: 8.323 | Q7: 37.631
A8: AMERICANA | B8: E1456 | C8: Georgia | D8: None | E8: 0 | F8: 0 | G8: 0 | H8: 5.906 | I8: 3.003 | J8: 4.08 | K8: 1.673 | L8: 1.197 | M8: 2.196 | N8: 4.092 | O8: 3.625 | P8: 8.485 | Q8: 42.961
A9: AMERICANA | B9: E1456 | C9: Georgia | D9: Low | E9: 0 | F9: 0 | G9: 0 | H9: 7.185 | I9: 3.254 | J9: 3.474 | K9: 1.764 | L9: 1.423 | M9: 2.09 | N9: 3.259 | O9: 3.183 | P9: 11.193 | Q9: 36.381
A10: AMERICANA | B10: E1456 | C10: Georgia | D10: Medium | E10: 0 | F10: 0 | G10: 0 | H10: 5.758 | I10: 3.267 | J10: 3.254 | K10: 1.712 | L10: 1.6 | M10: 2.266 | N10: 3.404 | O10: 3.747 | P10: 10.456 | Q10: 34.736
A11: AMERICANA | B11: E1870 | C11: North Carolina | D11: None | E11: 0 | F11: 0 | G11: 0 | H11: 7.323 | I11: 2.313 | J11: 4.095 | K11: 1.82 | L11: 1.601 | M11: 1.911 | N11: 2.921 | O11: 4.274 | P11: 5.861 | Q11: 10.889
A12: AMERICANA | B12: E1870 | C12: North Carolina | D12: None | E12: 0 | F12: 0 | G12: 0 | H12: 8.625 | I12: 2.018 | J12: 4.001 | K12: 1.457 | L12: 1.112 | M12: 2.069 | N12: 3.512 | O12: 3.325 | P12: 2.942 | Q12: 23.56 | R12: 829.123
A13: AMERICANA | B13: E1870 | C13: North Carolina | D13: None | E13: 0 | F13: 0 | G13: 0 | H13: 3.64 | I13: 1.154 | J13: 4.224 | K13: 1.483 | L13: 1.201 | M13: 2.315 | N13: 3.993 | O13: 3.094 | P13: 5.005 | Q13: 11.374
A14: AMERICANA | B14: E1857 | C14: North Carolina | D14: None | E14: 0 | F14: 0 | G14: 0 | H14: 4.969 | I14: 2.494 | P14: 5.046 | Q14: 21.062 | R14: 590.412
A15: AMERICANA | B15: E1857 | C15: North Carolina | D15: None | E15: 0 | F15: 0 | G15: 0 | H15: 6.564 | I15: 3.299 | P15: 2.431 | Q15: 11.128 | R15: 543.318
A16: AMERICANA | B16: E1857 | C16: North Carolina | D16: None | E16: 0 | F16: 0 | G16: 0 | H16: 4.775 | I16: 1.468 | P16: 2.293 | Q16: 9.219
A17: AMERICANA | B17: E1900 | C17: North Carolina | D17: Low | E17: 0 | F17: 0 | G17: 0 | H17: 5.687 | I17: 1.955 | J17: 3.84 | K17: 1.626 | L17: 1.179 | M17: 2.389 | N17: 3.471 | O17: 3.84 | P17: 3.858 | Q17: 10.319 | R17: 945.758
A18: AMERICANA | B18: E1900 | C18: North Carolina | D18: None | E18: 0 | F18: 0 | G18: 0 | H18: 5.978 | I18: 1.501 | J18: 4.418 | K18: 1.107 | L18: 0.764 | M18: 3.023 | N18: 3.417 | O18: 3.758 | P18: 6.574 | Q18: 9.232
A19: AMERICANA | B19: E1900 | C19: North Carolina | D19: Low | E19: 0 | F19: 0 | G19: 0 | H19: 5.365 | I19: 1.488 | J19: 4.997 | K19: 1.434 | L19: 1.428 | M19: 2.537 | N19: 3.263 | O19: 4.008 | P19: 5.134 | Q19: 11.591
A20: AMERICANA | B20: E36 | C20: South Carolina | D20: None | E20: 0 | F20: 0 | G20: 0 | H20: 4.002 | I20: 1.468 | J20: 2.299 | K20: 1.089 | L20: 1.012 | M20: 1.57 | N20: 3.344 | O20: 2.797 | P20: 4.07 | Q20: 15.531 | R20: 702.055
A21: AMERICANA | B21: E36 | C21: South Carolina | D21: None | E21: 0 | F21: 0 | G21: 0 | H21: 3.712 | I21: 1.651 | J21: 2.916 | K21: 1.353 | L21: 1.04 | M21: 1.21 | N21: 3.113 | O21: 3.855 | P21: 5.455 | Q21: 11.904
A22: AMERICANA | B22: E36 | C22: South Carolina | D22: None | E22: 0 | F22: 0 | G22: 0 | H22: 3.78 | I22: 1.351 | J22: 2.805 | K22: 0.867 | L22: 0.794 | M22: 2.07 | N22: 2.815 | O22: 3.478 | P22: 2.807 | Q22: 12.742
A23: AMERICANA | B23: E1419 | C23: South Carolina | D23: None | E23: 0 | F23: 0 | G23: 0 | H23: 3.581 | I23: 1.351 | J23: 3.572 | K23: 0.932 | L23: 0.805 | M23: 2.307 | N23: 4.414 | O23: 2.979 | P23: 3.54 | Q23: 12.681 | R23: 721.409
A24: AMERICANA | B24: E1419 | C24: South Carolina | D24: None | E24: 0 | F24: 0 | G24: 0 | H24: 7.535 | I24: 2.234 | J24: 4.568 | K24: 1.623 | L24: 1.459 | M24: 2.565 | N24: 3.887 | O24: 2.898 | P24: 3.909 | Q24: 18.743 | R24: 586.156
A25: AMERICANA | B25: E1419 | C25: South Carolina | D25: None | E25: 0 | F25: 0 | G25: 0 | H25: 4.528 | I25: 1.92 | J25: 3.456 | K25: 1.504 | L25: 1.132 | M25: 2.121 | N25: 4.367 | O25: 4.624 | P25: 5.918 | Q25: 17.606
A26: AMERICANA | B26: E1422 | C26: South Carolina | E26: 0 | F26: 0 | G26: 0 | H26: 5.074 | I26: 1.328 | J26: 4.075 | K26: 1.969 | L26: 1.865 | M26: 2.767 | N26: 3.021 | O26: 3.987 | P26: 7.582 | Q26: 14.168
A27: AMERICANA | B27: E1422 | C27: South Carolina | E27: 0 | F27: 0 | G27: 0 | H27: 5.885 | I27: 1.822 | J27: 2.643 | K27: 0.778 | L27: 0.375 | M27: 1.875 | O27: 4.138 | P27: 4.742 | Q27: 10.563
A28: AMERICANA | B28: E1422 | C28: South Carolina | E28: 0 | F28: 0 | G28: 0
A29: AMERICANA | B29: E1519 | C29: Georgia | D29: None | E29: 2.874 | F29: 0.504 | G29: 0 | H29: 5.317 | I29: 2.791
A30: AMERICANA | B30: E1519 | C30: Georgia | D30: None | G30: 0 | H30: 6.349 | I30: 2.504
A31: AMERICANA | B31: E1519 | C31: Georgia | D31: None | G31: 0 | H31: 4.603 | I31: 2.257
A32: AMERICANA | B32: A8 | C32: Georgia | E32: 0 | F32: 0 | H32: 2.147 | I32: 0.856 | J32: 3.277 | K32: 1.333 | L32: 1.223 | M32: 3.162 | N32: 4.085 | O32: 4.511 | P32: 2.284 | Q32: 19.616 | R32: 844.415
A33: AMERICANA | B33: A8 | C33: Georgia | E33: 0 | F33: 0 | H33: 2.24 | I33: 0.378 | J33: 3.83 | K33: 1.796 | L33: 1.455 | M33: 2.834 | N33: 4.145 | O33: 3.326 | P33: 3.338 | Q33: 23.188 | R33: 436.43
A34: AMERICANA | B34: A8 | C34: Georgia | E34: 0 | F34: 0 | H34: 2.868 | I34: 0.642 | J34: 3.447 | K34: 1.965 | L34: 1.318 | M34: 3.75 | N34: 4.936 | O34: 4.113 | P34: 3.712 | Q34: 11.909
A35: BREVIPETALA | B35: E1457 | C35: Kentucky | E35: 0 | F35: 0 | G35: 0 | H35: 5 | I35: 1.25 | J35: 2.671 | K35: 1.18 | L35: 1.019 | M35: 1.74 | N35: 3.662 | O35: 3.559 | P35: 4.587 | Q35: 16.037 | R35: 781.367
A36: BREVIPETALA | B36: E1457 | C36: Kentucky | D36: Medium | E36: 0 | F36: 0 | G36: 0 | H36: 7.499 | I36: 1.675 | J36: 3.03 | K36: 1.064 | L36: 0.972 | M36: 1.99 | N36: 2.582 | O36: 2.913 | P36: 5.7 | Q36: 56.379
A37: BREVIPETALA | B37: E1457 | C37: Kentucky | D37: High | E37: 0 | F37: 0 | G37: 0 | H37: 5.777 | I37: 1.194 | J37: 3.017 | K37: 1.009 | L37: 0.949 | M37: 1.697 | N37: 3.375 | O37: 3.63 | P37: 8.775 | Q37: 26.955
A38: BREVIPETALA | B38: E1458 | C38: Kentucky | D38: Medium | E38: 0 | F38: 0 | G38: 0 | H38: 6.035 | I38: 2.779 | J38: 4.189 | K38: 1.592 | L38: 1.351 | M38: 1.91 | N38: 3.7 | O38: 5.568 | P38: 5.857 | Q38: 23.795 | R38: 745.756
A39: BREVIPETALA | B39: E1458 | C39: Kentucky | D39: Medium | E39: 0 | F39: 0 | G39: 0 | H39: 4.751 | I39: 2.75 | J39: 3.91 | K39: 1.109 | L39: 0.794 | M39: 2.314 | N39: 4.69 | O39: 4.609 | P39: 6.706 | Q39: 18.246 | R39: 590.999
A40: BREVIPETALA | B40: E1458 | C40: Kentucky | D40: Low | E40: 0 | F40: 0 | G40: 0 | H40: 4.114 | I40: 2.047 | J40: 4.201 | K40: 1.661 | L40: 1.516 | M40: 2.227 | N40: 4.148 | O40: 4.075 | P40: 5.053 | Q40: 14.175
A41: BREVIPETALA | B41: E1682 | C41: New Jersey | D41: None | E41: 0 | F41: 0 | G41: 0 | H41: 5.201 | I41: 2.678 | P41: 12.923 | Q41: 18.338
A42: BREVIPETALA | B42: E1682 | C42: New Jersey | D42: None | E42: 0 | F42: 0 | G42: 0 | H42: 3.232 | I42: 1.55 | P42: 7.732 | Q42: 17.464
A43: BREVIPETALA | B43: E1682 | C43: New Jersey | D43: None | E43: 0 | F43: 0 | G43: 0 | H43: 6.292 | I43: 3.339 | P43: 5.767 | Q43: 13.626 | R43: 754.337
A44: BREVIPETALA | B44: E1687 | C44: Oklahoma | D44: None | E44: 0 | F44: 0 | G44: 0 | H44: 7.657 | I44: 2.455 | J44: 4.19 | K44: 0.925 | L44: 0.796 | M44: 2.87 | N44: 5.21 | O44: 4.333 | P44: 4.232 | Q44: 7.429 | R44: 579.622
